"ligand","receptor"
"A2M","MMP2"
"A2M","MMP9"
"A2M","LRP1"
"A2M","KLK3"
"AANAT","MTNR1A"
"AANAT","MTNR1B"
"ABCA1","APOA1"
"ABCA1","MEGF10"
"ACE","BDKRB2"
"ACE","AGTR2"
"ACE2","TNFRSF11B"
"ACE2","TNFRSF11A"
"ACE2","SLC6A19"
"ACE2","TIGIT"
"ACP4","VSTM2B"
"ACP4","ERBB4"
"ADAM10","APP"
"ADAM10","NOTCH2"
"ADAM10","NOTCH3"
"ADAM10","TSPAN33"
"ADAM10","CD44"
"ADAM10","NOTCH1"
"ADAM10","TSPAN5"
"ADAM10","TSPAN15"
"ADAM10","TSPAN10"
"ADAM10","TSPAN14"
"ADAM10","TSPAN17"
"ADAM10","EPHA3"
"ADAM10","AXL"
"ADAM10","NOTCH4"
"ADAM11","ITGA4"
"ADAM11","CCR4"
"ADAM12","SDC4"
"ADAM12","ITGB1"
"ADAM12","ITGA9"
"ADAM15","ITGA5"
"ADAM15","ITGA9"
"ADAM15","ITGB1"
"ADAM15","ITGB3"
"ADAM17","MUC1"
"ADAM17","NOTCH1"
"ADAM17","ITGB1"
"ADAM17","IL6R"
"ADAM17","ERBB4"
"ADAM17","ITGA5"
"ADAM17","NOTCH4"
"ADAM17","NOTCH3"
"ADAM17","NOTCH2"
"ADAM2","ITGB1"
"ADAM2","CD9"
"ADAM2","ITGA6"
"ADAM2","ITGB7"
"ADAM2","ITGA9"
"ADAM20","IL1RAPL2"
"ADAM20","IL1RAPL1"
"ADAM21","FLT4"
"ADAM21","CLEC12B"
"ADAM21","IGSF21"
"ADAM23","ITGA5"
"ADAM23","ITGB3"
"ADAM28","ITGA4"
"ADAM29","ITGA4"
"ADAM7","ITGA4"
"ADAM7","ITGB7"
"ADAM9","ITGA6"
"ADAM9","ITGAV"
"ADAM9","ITGB1"
"ADAM9","ITGB5"
"ADAMTS3","CCBE1"
"ADCYAP1","ADCYAP1R1"
"ADCYAP1","VIPR1"
"ADCYAP1","VIPR2"
"ADCYAP1","SCTR"
"ADGRB1","RTN4R"
"ADGRE5","CD55"
"ADGRF5","TREML2"
"ADIPOQ","ADIPOR1"
"ADIPOQ","ADIPOR2"
"ADIPOQ","GPR42"
"ADIPOQ","CNR2"
"ADM","MRGPRX3"
"ADM","MRGPRX4"
"ADM","CALCRL"
"ADM","RAMP2"
"ADM","RAMP3"
"ADM","CALCR"
"ADM","RAMP1"
"ADM","MRGPRX2"
"ADM","GPR182"
"ADM2","CALCRL"
"ADM2","RAMP2"
"ADM2","RAMP3"
"ADM2","CALCR"
"ADM2","RAMP1"
"ADM2","ADCYAP1R1"
"ADM2","TSHR"
"ADM2","GPR84"
"ADM2","ADRB2"
"ADM2","PTH1R"
"ADM2","VIPR1"
"ADM2","ADRB3"
"ADM2","GPR20"
"AGRN","MUSK"
"AGRN","CHRNB3"
"AGRN","ITGB1"
"AGRN","ATP1A3"
"AGRN","LRP1"
"AGRN","LRP2"
"AGRN","LRP4"
"AGRN","DAG1"
"AGRP","MC3R"
"AGRP","MC4R"
"AGRP","MC5R"
"AGRP","SDC3"
"AGT","AGTR1"
"AGT","AGTR2"
"AGT","REN"
"AGT","MAS1"
"AGT","LRP2"
"AHSG","INSR"
"AIMP1","NTRK1"
"ALB","LRP2"
"ALCAM","ALCAM"
"ALCAM","CD6"
"ALCAM","CHL1"
"ALCAM","NRP1"
"ALKAL1","ALK"
"ALKAL1","LTK"
"ALKAL2","ALK"
"ALKAL2","LTK"
"ALOX5AP","ALOX5"
"AMBN","CD63"
"AMELX","LAMP1"
"AMELX","CD63"
"AMELX","LAMP2"
"AMELY","CD63"
"AMELY","LAMP1"
"AMELY","LAMP2"
"AMH","AMHR2"
"AMH","ACVR1"
"AMH","EGFR"
"AMH","GREM2"
"AMH","BMPR1A"
"AMH","BMPR1B"
"ANG","EGFR"
"ANG","PLXNB2"
"ANGPT1","TEK"
"ANGPT1","TIE1"
"ANGPT1","ITGA5"
"ANGPT1","ITGB1"
"ANGPT2","TEK"
"ANGPT2","TIE1"
"ANGPT2","ITGA5"
"ANGPT2","ITGB1"
"ANGPT4","TEK"
"ANGPT4","TIE1"
"ANGPTL1","TEK"
"ANGPTL1","LILRB3"
"ANGPTL1","LILRB2"
"ANGPTL1","ITGA1"
"ANGPTL1","ITGB1"
"ANGPTL2","LILRB2"
"ANGPTL2","TIE1"
"ANGPTL2","TLR4"
"ANGPTL2","LILRB3"
"ANGPTL2","ITGA5"
"ANGPTL2","ITGB1"
"ANGPTL3","ITGB3"
"ANGPTL3","ITGAV"
"ANGPTL3","ITGA5"
"ANGPTL3","LPL"
"ANGPTL4","GPIHBP1"
"ANGPTL4","TIE1"
"ANGPTL4","CDH5"
"ANGPTL4","CDH11"
"ANGPTL4","SDC1"
"ANGPTL4","SDC2"
"ANGPTL4","SDC3"
"ANGPTL4","SDC4"
"ANGPTL4","LPL"
"ANGPTL4","ITGA5"
"ANGPTL4","ITGB1"
"ANGPTL4","ITGAV"
"ANGPTL4","ITGB3"
"ANGPTL5","TEK"
"ANGPTL6","TEK"
"ANGPTL7","LILRB3"
"ANGPTL7","LILRB2"
"ANOS1","SDC2"
"ANOS1","FGFR1"
"ANPEP","SELE"
"ANTXR1","TREML2"
"ANXA1","FPR2"
"ANXA1","FPR3"
"ANXA1","EGFR"
"ANXA1","FPR1"
"ANXA1","DYSF"
"ANXA2","ROBO4"
"ANXA2","TLR2"
"ANXA2","DYSF"
"ANXA2","EGFR"
"ANXA2","PLAT"
"APELA","APLNR"
"APLN","APLNR"
"APLN","GRM7"
"APOA1","ABCA1"
"APOA1","LRP2"
"APOA1","LDLR"
"APOA1","LRP1"
"APOA2","LDLR"
"APOA2","LRP1"
"APOA2","LRP2"
"APOA4","LDLR"
"APOA4","LRP1"
"APOA4","LRP2"
"APOA5","LPL"
"APOB","LDLR"
"APOB","ITGAM"
"APOB","OLR1"
"APOB","LRP2"
"APOB","VLDLR"
"APOB","CALCR"
"APOB","LSR"
"APOB","ADRB2"
"APOB","TLR6"
"APOB","LRP1"
"APOB","ITGB2"
"APOB","TLR4"
"APOB","LRP8"
"APOB","TREM2"
"APOC1","VLDLR"
"APOC2","LDLR"
"APOC2","LRP1"
"APOC2","LRP2"
"APOC2","LPL"
"APOC3","LRP2"
"APOC3","LDLR"
"APOC3","LRP1"
"APOC3","SDC2"
"APOC3","TLR2"
"APOC4","VLDLR"
"APOD","LEPR"
"APOE","VLDLR"
"APOE","SORL1"
"APOE","LRP2"
"APOE","LDLR"
"APOE","LRP5"
"APOE","TREM2"
"APOE","SCARB1"
"APOE","LRP8"
"APOE","LRP1"
"APOE","APP"
"APOO","IL1RAPL2"
"APOO","IL1RAPL1"
"APP","FLT1"
"APP","BACE1"
"APP","FPR2"
"APP","TNFRSF21"
"APP","NCSTN"
"APP","CD74"
"APP","NGFR"
"APP","LRP1"
"APP","SORL1"
"APP","GPC1"
"AREG","EGFR"
"AREG","ERBB2"
"AREG","ERBB3"
"AREG","MMP9"
"ARF1","PLD2"
"ARMH4","TNFRSF11B"
"ARTN","GFRA3"
"ARTN","GFRA2"
"ARTN","GFRA1"
"ARTN","RET"
"ARTN","NCAM1"
"ASIP","MGRN1"
"ASIP","ATRN"
"ASIP","MC1R"
"ASIP","MC3R"
"ASIP","MC4R"
"ASIP","MC5R"
"ASIP","MC2R"
"ASIP","F11R"
"ATP1B1","NEGR1"
"AVP","OXTR"
"AVP","AVPR1A"
"AVP","AVPR1B"
"AVP","AVPR2"
"AVP","AQP2"
"AZGP1","ITGAV"
"B2M","TAP1"
"B2M","TAP2"
"B2M","CD1A"
"B2M","LILRB1"
"B2M","CD1B"
"B2M","KLRD1"
"B2M","KLRC1"
"BACE1","APP"
"BACE1","SELPLG"
"BACE2","APP"
"BCAN","NRCAM"
"BCAN","EGFR"
"BDNF","NTRK2"
"BDNF","NGFR"
"BDNF","DRD4"
"BDNF","SORT1"
"BDNF","ERBB2"
"BGN","TLR4"
"BGN","TLR1"
"BGN","TLR2"
"BGN","FGFR3"
"BMP1","BMPR2"
"BMP1","BMPR1A"
"BMP1","BMPR1B"
"BMP10","ACVR2B"
"BMP10","BMPR1B"
"BMP10","BMPR1A"
"BMP10","ACVR1"
"BMP10","ENG"
"BMP10","ACVR2A"
"BMP10","ACVRL1"
"BMP10","BMPR2"
"BMP15","ACVR1"
"BMP15","BMPR2"
"BMP15","BMPR1A"
"BMP15","BMPR1B"
"BMP15","ACVR2A"
"BMP15","ACVR2B"
"BMP15","TGFBR1"
"BMP2","BMPR2"
"BMP2","ACVR2B"
"BMP2","BMPR1B"
"BMP2","ACVR2A"
"BMP2","BMPR1A"
"BMP2","ACVR1"
"BMP2","HJV"
"BMP2","ENG"
"BMP3","ACVR1"
"BMP3","ACVR2B"
"BMP3","BMPR2"
"BMP3","BMPR1A"
"BMP3","BMPR1B"
"BMP3","ACVR2A"
"BMP3","ACVR1B"
"BMP4","ACVR1"
"BMP4","BMPR2"
"BMP4","BMPR1B"
"BMP4","BMPR1A"
"BMP4","GREM2"
"BMP4","ACVR2A"
"BMP4","ACVR2B"
"BMP5","HJV"
"BMP5","PTPRD"
"BMP5","ACVR1"
"BMP5","BMPR1A"
"BMP5","BMPR2"
"BMP5","ACVR2A"
"BMP5","BMPR1B"
"BMP5","ACVR2B"
"BMP6","BMPR2"
"BMP6","AMHR2"
"BMP6","BMPR1B"
"BMP6","BMPR1A"
"BMP6","HJV"
"BMP6","ACVR1"
"BMP6","ACVR2A"
"BMP6","ACVR2B"
"BMP7","ACVR2B"
"BMP7","BMPR2"
"BMP7","ACVR2A"
"BMP7","BMPR1A"
"BMP7","ACVR1"
"BMP7","ENG"
"BMP7","BMPR1B"
"BMP8A","TGFBR1"
"BMP8A","TGFBR2"
"BMP8A","ACVR1"
"BMP8A","BMPR1A"
"BMP8A","BMPR2"
"BMP8A","ACVR2A"
"BMP8A","BMPR1B"
"BMP8A","ACVR2B"
"BMP8B","PLAUR"
"BMP8B","ACVR1"
"BMP8B","BMPR1A"
"BMP8B","BMPR2"
"BMP8B","ACVR2A"
"BMP8B","ACVR2B"
"BMP8B","BMPR1B"
"BOC","LILRA6"
"BOC","PTCH1"
"BOC","SMO"
"BOC","PTCH2"
"BPI","SLAMF9"
"BST2","LILRA4"
"BTC","EGFR"
"BTC","ERBB4"
"BTC","ERBB3"
"BTC","ERBB2"
"BTLA","TNFRSF14"
"BTLA","VTCN1"
"BTLA","CD247"
"BTLA","CD79A"
"BTLA","CD276"
"BTN1A1","NEGR1"
"BTN1A1","JAML"
"BTN1A1","TARM1"
"BTN2A1","FAM187B"
"BTNL8","SIGLEC6"
"BTNL8","LILRB3"
"BTNL8","LILRA3"
"BTNL8","LILRB1"
"BTNL8","LILRB2"
"BTNL8","GP6"
"BTNL8","LILRA1"
"BTNL9","IL6R"
"BTNL9","LRFN5"
"C10orf99","GPR15"
"C1QA","CD93"
"C1QA","CSPG4"
"C1QA","CR1"
"C1QA","CD33"
"C1QB","LRP1"
"C1QB","CD33"
"C1QTNF1","AVPR2"
"C1QTNF5","MFRP"
"C3","C3AR1"
"C3","CR2"
"C3","ITGAM"
"C3","CD19"
"C3","CD46"
"C3","C5AR2"
"C3","ITGAX"
"C3","CR1"
"C3","ITGB2"
"C3","LRP1"
"C3","VSIG4"
"C4A","C5AR2"
"C4A","C3AR1"
"C4A","CR1"
"C4A","CR2"
"C4A","NRP1"
"C4A","CD46"
"C4B_2","CD46"
"C4B_2","CR1"
"C4BPA","BMPR2"
"C4BPA","CD40"
"C4BPA","LRP1"
"C5","C5AR1"
"C5","C5AR2"
"C6orf15","DDR1"
"CA12","SIGLEC6"
"CADM1","CADM1"
"CADM1","CADM3"
"CADM1","NECTIN3"
"CADM1","ERBB3"
"CADM2","CADM3"
"CADM2","CADM4"
"CADM2","CADM1"
"CADM3","CADM3"
"CADM3","IL2RG"
"CADM3","PRLR"
"CADM3","CADM4"
"CADM3","LRCH4"
"CADM3","CFAP54"
"CADM3","NECTIN1"
"CADM3","CADM1"
"CADM3","NECTIN3"
"CADM3","CADM2"
"CADM3","PEAR1"
"CADM4","MAG"
"CADM4","ERBB3"
"CADM4","CADM3"
"CADM4","SDK2"
"CADM4","CADM2"
"CALCA","CALCRL"
"CALCA","RAMP2"
"CALCA","RAMP3"
"CALCA","CALCR"
"CALCA","RAMP1"
"CALCB","CALCRL"
"CALCB","RAMP2"
"CALCB","RAMP3"
"CALCB","CALCR"
"CALCB","RAMP1"
"CALM1","CNGA2"
"CALM1","KCNH1"
"CALM1","MYLK"
"CALM1","MYLK2"
"CALM1","PDE1A"
"CALM1","PDE1B"
"CALM1","PDE1C"
"CALM2","CNGA2"
"CALM2","KCNH1"
"CALM2","MYLK"
"CALM2","MYLK2"
"CALM2","PDE1A"
"CALM2","PDE1B"
"CALM2","PDE1C"
"CALM3","CNGA2"
"CALM3","PDE1C"
"CALM3","PDE1B"
"CALM3","KCNH1"
"CALM3","MYLK"
"CALM3","MYLK2"
"CALM3","PDE1A"
"CALR","TAP1"
"CALR","TAP2"
"CALR","LRP1"
"CALR","ITGAV"
"CALR","ITGA3"
"CALR","MPL"
"CALR","TSHR"
"CALR","ITGA2B"
"CALR","SCARF1"
"CALR","MTNR1A"
"CAMP","FPR2"
"CAMP","P2RX7"
"CAMP","IGF1R"
"CAMP","EGFR"
"CCK","CCKAR"
"CCK","CCKBR"
"CCL1","ACKR2"
"CCL1","CCR2"
"CCL1","CCR3"
"CCL1","CCR5"
"CCL1","CCR8"
"CCL1","ACKR1"
"CCL1","CCR1"
"CCL11","CCR2"
"CCL11","CCR3"
"CCL11","CCR5"
"CCL11","CXCR3"
"CCL11","ACKR1"
"CCL11","ACKR2"
"CCL11","DPP4"
"CCL11","ACKR4"
"CCL13","CCR1"
"CCL13","CCR2"
"CCL13","CCR3"
"CCL13","CCR5"
"CCL13","CXCR3"
"CCL13","ACKR1"
"CCL13","ACKR2"
"CCL13","ACKR4"
"CCL14","CCR1"
"CCL14","CCR5"
"CCL14","ACKR1"
"CCL14","ACKR2"
"CCL14","CCR3"
"CCL15","CCR1"
"CCL15","CCR3"
"CCL16","CCR2"
"CCL16","CCR5"
"CCL16","HRH4"
"CCL16","CCR1"
"CCL16","CCR8"
"CCL16","ACKR1"
"CCL17","CCR4"
"CCL17","ACKR1"
"CCL17","ACKR2"
"CCL17","CCR8"
"CCL18","CCR5"
"CCL18","CCR8"
"CCL18","CCR3"
"CCL18","CCR1"
"CCL18","ACKR1"
"CCL19","ACKR4"
"CCL19","CCR7"
"CCL19","CCRL2"
"CCL19","CXCR3"
"CCL19","CCR10"
"CCL19","ACKR2"
"CCL2","CCR2"
"CCL2","CCR3"
"CCL2","CCR5"
"CCL2","CCR4"
"CCL2","ACKR1"
"CCL2","ACKR2"
"CCL2","CCR1"
"CCL2","CCR10"
"CCL2","ACKR4"
"CCL20","CCR6"
"CCL20","CXCR3"
"CCL20","ACKR4"
"CCL21","ACKR4"
"CCL21","CCR7"
"CCL21","CXCR3"
"CCL21","ACKR2"
"CCL22","CCR4"
"CCL22","ACKR2"
"CCL22","DPP4"
"CCL22","ACKR1"
"CCL22","CCR7"
"CCL23","CCR1"
"CCL23","ACKR2"
"CCL23","FPR2"
"CCL24","CCR2"
"CCL24","CCR3"
"CCL24","ACKR2"
"CCL25","ACKR4"
"CCL25","CCR9"
"CCL25","ACKR2"
"CCL25","CCR10"
"CCL26","CCR2"
"CCL26","CCR3"
"CCL26","CCR1"
"CCL26","CCR5"
"CCL26","CX3CR1"
"CCL26","ACKR2"
"CCL27","CCR10"
"CCL27","ADRA2A"
"CCL27","GRM7"
"CCL27","ACKR2"
"CCL27","MTNR1A"
"CCL28","CCR10"
"CCL28","CCR3"
"CCL28","ACKR2"
"CCL28","ADRA2A"
"CCL28","MTNR1A"
"CCL28","GRM7"
"CCL28","ACKR4"
"CCL3","CCR1"
"CCL3","CCR5"
"CCL3","ACKR2"
"CCL3","CCR4"
"CCL3","CCR3"
"CCL3L1","CCR1"
"CCL3L1","CCR5"
"CCL3L3","CCR5"
"CCL3L3","ACKR2"
"CCL3L3","CCR1"
"CCL3L3","CCR3"
"CCL4","CCR5"
"CCL4","CCR1"
"CCL4","ACKR2"
"CCL4","CCR8"
"CCL4","CCR3"
"CCL4L1","ACKR2"
"CCL4L1","CCR1"
"CCL4L1","CCR3"
"CCL4L1","CCR5"
"CCL4L2","ACKR2"
"CCL4L2","CCR1"
"CCL4L2","CCR5"
"CCL4L2","CCR8"
"CCL5","CCR5"
"CCL5","CCR1"
"CCL5","CCR3"
"CCL5","CXCR3"
"CCL5","GPR75"
"CCL5","ACKR1"
"CCL5","ACKR2"
"CCL5","CCR4"
"CCL5","SDC4"
"CCL5","SDC1"
"CCL7","CCR1"
"CCL7","CCR2"
"CCL7","CCR3"
"CCL7","CCR5"
"CCL7","CXCR3"
"CCL7","ACKR2"
"CCL7","ACKR4"
"CCL7","CCR10"
"CCL7","ACKR1"
"CCL8","CCR4"
"CCL8","CCR8"
"CCL8","CCR5"
"CCL8","CCR1"
"CCL8","CCR2"
"CCL8","CCR3"
"CCL8","ACKR2"
"CCL8","ACKR4"
"CCL8","ACKR1"
"CCN1","ITGAM"
"CCN1","ITGB3"
"CCN1","TLR2"
"CCN1","ITGAV"
"CCN1","ITGA5"
"CCN1","ITGB5"
"CCN1","TLR4"
"CCN1","ITGB2"
"CCN1","SDC4"
"CCN1","ITGA2B"
"CCN1","ITGA6"
"CCN1","ITGB1"
"CCN1","ITGAD"
"CCN2","LRP6"
"CCN2","ITGAM"
"CCN2","NTRK1"
"CCN2","ITGB2"
"CCN2","LRP1"
"CCN2","ITGA5"
"CCN2","ERBB4"
"CCN2","FGFR2"
"CCN2","IGF2R"
"CCN3","NOTCH1"
"CCN3","PLXNA1"
"CCN4","ITGA5"
"CCN4","ITGB1"
"CCN6","SORL1"
"CD14","PLXND1"
"CD160","TNFRSF14"
"CD1B","IL6ST"
"CD1D","CEACAM5"
"CD1D","LILRB2"
"CD2","NLGN3"
"CD2","CD53"
"CD200","CD200R1"
"CD200","CD200R1L"
"CD209","ICAM3"
"CD209","CEACAM1"
"CD22","PTPRC"
"CD22","IGSF21"
"CD226","MCAM"
"CD226","PVR"
"CD226","NECTIN2"
"CD24","SELP"
"CD244","CSF3R"
"CD244","CD79B"
"CD244","MUC15"
"CD244","IYD"
"CD244","LAT"
"CD274","EPHA3"
"CD274","PDCD1"
"CD274","CD80"
"CD274","NCR3"
"CD28","CD80"
"CD28","CD86"
"CD28","TMEM95"
"CD28","CD247"
"CD28","CD4"
"CD300A","IGSF5"
"CD300C","IGSF5"
"CD300C","PTPRO"
"CD300C","NTNG1"
"CD300LF","IGSF5"
"CD300LF","FLT1"
"CD320","ROR2"
"CD320","LRPAP1"
"CD320","SIGLEC7"
"CD320","JAML"
"CD320","IGSF5"
"CD320","TMEM167A"
"CD34","SELL"
"CD34","SELP"
"CD34","SELE"
"CD34","NECTIN4"
"CD34","NECTIN3"
"CD38","PECAM1"
"CD40","CD40LG"
"CD40LG","CD40"
"CD40LG","ITGA2B"
"CD40LG","ITGB3"
"CD40LG","ITGA5"
"CD40LG","ITGB1"
"CD40LG","ITGAM"
"CD40LG","ITGB2"
"CD44","HAS2"
"CD44","SELE"
"CD44","CLDN7"
"CD44","EPCAM"
"CD44","ACVR2B"
"CD47","SIRPA"
"CD47","SIRPG"
"CD47","SIGLEC1"
"CD47","SCN1B"
"CD47","PCSK4"
"CD48","CD2"
"CD48","CD244"
"CD48","PDCD1"
"CD52","SIGLEC10"
"CD55","ADGRE5"
"CD55","ADGRE2"
"CD55","CR1"
"CD58","CD2"
"CD58","PTPRT"
"CD59","CD2"
"CD59","SIGLEC1"
"CD59","STAB1"
"CD5L","CD5"
"CD6","ALCAM"
"CD6","SIGLEC8"
"CD6","DAG1"
"CD7","ADAM15"
"CD70","CD27"
"CD72","CD5"
"CD72","SEMA4D"
"CD72","NCAM2"
"CD79B","KREMEN1"
"CD79B","NTM"
"CD79B","CD244"
"CD79B","IGSF21"
"CD80","CD274"
"CD80","CD28"
"CD80","CTLA4"
"CD80","NGFR"
"CD82","CD37"
"CD82","ITGB2"
"CD86","CD28"
"CD86","CTLA4"
"CD9","ADAM2"
"CD9","CLDN1"
"CD9","KIT"
"CD9","CD36"
"CD9","IGSF8"
"CD96","NECTIN1"
"CD96","NECTIN2"
"CD96","PVR"
"CD99","CD99"
"CD99","PILRA"
"CD99","CD81"
"CD99","PILRB"
"CDCP1","EGFR"
"CDH1","CDH1"
"CDH1","KLRG1"
"CDH1","EGFR"
"CDH1","IGF1R"
"CDH1","ITGB7"
"CDH1","ITGAE"
"CDH1","PTPRM"
"CDH1","PTPRF"
"CDH13","NCAM2"
"CDH15","CDH15"
"CDH15","CDON"
"CDH2","CDH2"
"CDH2","CDON"
"CDH3","CDH3"
"CDH4","CDH4"
"CDH5","CDH5"
"CDH6","CNTN1"
"CDH6","PTGFRN"
"CDH9","BTN3A1"
"CDHR2","CD3D"
"CDHR2","UNC5A"
"CDHR2","KIRREL1"
"CEACAM1","HAVCR2"
"CEACAM1","EGFR"
"CEACAM1","SELE"
"CEACAM1","CD209"
"CEACAM1","CEACAM5"
"CEACAM20","VSIG8"
"CEACAM21","LILRA6"
"CEACAM3","CEACAM5"
"CEACAM3","CEACAM7"
"CEACAM3","PTPRD"
"CEACAM4","FLT4"
"CEACAM5","CEACAM5"
"CEACAM5","CEACAM6"
"CEACAM5","CD8A"
"CEACAM5","CEACAM1"
"CEACAM5","CEACAM3"
"CEACAM5","CEACAM7"
"CEACAM5","CEACAM8"
"CEACAM5","LRP8"
"CEACAM6","ITGA1"
"CEACAM6","UXS1"
"CEACAM6","CEACAM7"
"CEACAM6","EGFR"
"CEACAM6","CEACAM8"
"CEACAM6","CEACAM1"
"CEACAM6","CEACAM5"
"CEACAM6","STAB1"
"CEACAM7","CEACAM5"
"CEACAM7","CEACAM3"
"CEACAM7","CEACAM6"
"CEACAM8","CEACAM6"
"CEACAM8","TECTB"
"CEACAM8","CEACAM5"
"CEACAM8","CEACAM1"
"CEACAM8","BTN2A2"
"CEACAM8","PTPRO"
"CEL","CXCR4"
"CER1","MRC2"
"CFAP54","CADM3"
"CFC1","ACVR1B"
"CFC1","ACVR2A"
"CFD","CFB"
"CFH","CFB"
"CFH","ITGAM"
"CFH","SELL"
"CFP","NCR1"
"CGA","FSHR"
"CGA","LHCGR"
"CGA","TSHR"
"CGA","ADCYAP1R1"
"CGA","RAMP3"
"CGA","RAMP2"
"CGA","ADRB2"
"CGA","PTH1R"
"CGA","VIPR1"
"CGA","ADRB3"
"CGA","GPR20"
"CGA","GPR84"
"CGB3","LHCGR"
"CGB7","LHCGR"
"CHAD","ITGA2"
"CHAD","ITGB1"
"CHL1","CNTN5"
"CHL1","CNTN1"
"CHL1","SIRPA"
"CHL1","TMEM132A"
"CIB1","ITGA2B"
"CIB1","ITGB3"
"CKLF","CCR4"
"CKLF","LRP6"
"CLCF1","IL6ST"
"CLCF1","CNTFR"
"CLCF1","LIFR"
"CLCF1","CRLF1"
"CLCF1","SORL1"
"CLDN1","CLDN2"
"CLDN1","MMP2"
"CLDN11","CLDN11"
"CLDN14","CLDN16"
"CLDN16","CLDN19"
"CLDN19","CLDN9"
"CLDN19","CLDN8"
"CLDN19","CLDN6"
"CLDN19","CLDN7"
"CLDN2","CLDN3"
"CLDN24","CLDN24"
"CLDN3","CLDN1"
"CLEC11A","ITGA10"
"CLEC11A","ITGA11"
"CLEC11A","ITGB1"
"CLEC11A","KIT"
"CLEC2A","KLRF2"
"CLEC2A","KLRB1"
"CLEC2B","KLRF1"
"CLEC2B","KLRB1"
"CLEC2D","KLRB1"
"CLEC2L","NCAM1"
"CLEC2L","IGSF11"
"CLEC2L","KLRB1"
"CLEC3A","CLEC10A"
"CLEC3A","CLEC2B"
"CLEC4G","LAG3"
"CLMP","JAML"
"CLU","LRP2"
"CLU","TREM2"
"CLUL1","GPR55"
"CMTM8","EGFR"
"CNMD","PTPRD"
"CNTF","CRLF1"
"CNTF","CNTFR"
"CNTF","IL6ST"
"CNTF","LIFR"
"CNTF","IL6R"
"CNTN1","MCAM"
"CNTN1","NOTCH1"
"CNTN1","NRCAM"
"CNTN1","NOTCH2"
"CNTN1","PTPRZ1"
"CNTN1","SGCG"
"CNTN1","IL23R"
"CNTN1","FCGRT"
"CNTN1","PCDHB7"
"CNTN1","NFASC"
"CNTN1","CHL1"
"CNTN2","CNTN2"
"CNTN2","L1CAM"
"CNTN2","CNTNAP2"
"CNTN2","CNTN1"
"CNTN2","NRCAM"
"CNTN2","NRP1"
"CNTN2","KREMEN1"
"CNTN3","APLP1"
"CNTN3","APP"
"CNTN3","PTPRG"
"CNTN4","PTPRG"
"CNTN4","APLP1"
"CNTN4","APP"
"CNTN4","LVRN"
"CNTN5","IL1RAPL1"
"CNTN5","IL1RAPL2"
"CNTN5","CHL1"
"CNTN5","PTPRG"
"CNTN5","FAM187A"
"CNTN5","SPACA6"
"CNTN5","SLAMF1"
"CNTN5","TMEM81"
"CNTN6","NOTCH1"
"CNTN6","PTPRG"
"COL10A1","LAIR1"
"COL10A1","ITGA1"
"COL10A1","ITGB1"
"COL10A1","ITGA2"
"COL10A1","ITGA10"
"COL10A1","ITGA11"
"COL11A1","DDR1"
"COL11A1","ITGA1"
"COL11A1","ITGB1"
"COL11A1","ITGA2"
"COL11A1","ITGA10"
"COL11A1","ITGA11"
"COL11A2","ITGA1"
"COL11A2","ITGB1"
"COL11A2","ITGA2"
"COL11A2","ITGA10"
"COL11A2","ITGA11"
"COL12A1","ITGA1"
"COL12A1","ITGB1"
"COL12A1","ITGA2"
"COL12A1","ITGA10"
"COL12A1","ITGA11"
"COL13A1","ITGA1"
"COL13A1","ITGB1"
"COL13A1","ITGA2"
"COL13A1","ITGA10"
"COL13A1","ITGA11"
"COL14A1","CD44"
"COL14A1","ITGA1"
"COL14A1","ITGB1"
"COL14A1","ITGA2"
"COL14A1","ITGA10"
"COL14A1","ITGA11"
"COL15A1","ITGA1"
"COL15A1","ITGB1"
"COL15A1","ITGA2"
"COL15A1","ITGA10"
"COL15A1","ITGA11"
"COL16A1","ITGA1"
"COL16A1","ITGB1"
"COL16A1","ITGA2"
"COL16A1","ITGA10"
"COL16A1","ITGA11"
"COL17A1","ITGA1"
"COL17A1","ITGB1"
"COL17A1","ITGA2"
"COL17A1","ITGA10"
"COL17A1","ITGA11"
"COL18A1","ITGB1"
"COL18A1","GPC4"
"COL18A1","KDR"
"COL18A1","GPC1"
"COL18A1","ITGA5"
"COL18A1","PTPRS"
"COL18A1","ITGA1"
"COL18A1","ITGA2"
"COL18A1","ITGA10"
"COL18A1","ITGA11"
"COL19A1","ITGA1"
"COL19A1","ITGB1"
"COL19A1","ITGA2"
"COL19A1","ITGA10"
"COL19A1","ITGA11"
"COL1A1","GP6"
"COL1A1","ITGA3"
"COL1A1","ITGA9"
"COL1A1","ITGAV"
"COL1A1","ITGB8"
"COL1A1","SDC1"
"COL1A1","DDR1"
"COL1A1","ITGA5"
"COL1A1","CD93"
"COL1A1","CD36"
"COL1A1","DDR2"
"COL1A1","CD44"
"COL1A1","TMPRSS6"
"COL1A1","ITGA2"
"COL1A1","ITGA1"
"COL1A1","ITGB1"
"COL1A1","ITGA11"
"COL1A1","ITGA10"
"COL1A2","CD44"
"COL1A2","ITGB3"
"COL1A2","CD36"
"COL1A2","CD93"
"COL1A2","ITGA2B"
"COL1A2","DDR1"
"COL1A2","ITGA1"
"COL1A2","ITGA11"
"COL1A2","ITGB1"
"COL1A2","ITGA2"
"COL1A2","ITGA10"
"COL20A1","ITGA1"
"COL20A1","ITGB1"
"COL20A1","ITGA2"
"COL20A1","ITGA10"
"COL20A1","ITGA11"
"COL21A1","ITGA1"
"COL21A1","ITGB1"
"COL21A1","ITGA2"
"COL21A1","ITGA10"
"COL21A1","ITGA11"
"COL22A1","ITGA1"
"COL22A1","ITGB1"
"COL22A1","ITGA2"
"COL22A1","ITGA10"
"COL22A1","ITGA11"
"COL24A1","ITGA1"
"COL24A1","ITGB1"
"COL24A1","ITGA2"
"COL24A1","ITGA10"
"COL24A1","ITGA11"
"COL26A1","ITGA1"
"COL26A1","ITGB1"
"COL26A1","ITGA2"
"COL26A1","ITGA10"
"COL26A1","ITGA11"
"COL27A1","ITGA1"
"COL27A1","ITGB1"
"COL27A1","ITGA2"
"COL27A1","ITGA10"
"COL27A1","ITGA11"
"COL28A1","ITGA1"
"COL28A1","ITGB1"
"COL28A1","ITGA2"
"COL28A1","ITGA10"
"COL28A1","ITGA11"
"COL2A1","CD44"
"COL2A1","GP6"
"COL2A1","ITGA3"
"COL2A1","ITGA9"
"COL2A1","ITGAV"
"COL2A1","ITGB8"
"COL2A1","SDC1"
"COL2A1","MAG"
"COL2A1","DDR1"
"COL2A1","TNFRSF10A"
"COL2A1","ITGA2B"
"COL2A1","ITGA2"
"COL2A1","ITGA10"
"COL2A1","ITGB1"
"COL2A1","ITGA1"
"COL2A1","ITGA11"
"COL3A1","DDR2"
"COL3A1","MAG"
"COL3A1","DDR1"
"COL3A1","ITGA1"
"COL3A1","ITGB1"
"COL3A1","ITGA2"
"COL3A1","ITGA10"
"COL3A1","ITGA11"
"COL4A1","ITGB8"
"COL4A1","CD93"
"COL4A1","ITGAV"
"COL4A1","ITGA2"
"COL4A1","ITGB1"
"COL4A1","ITGA1"
"COL4A1","ITGA10"
"COL4A1","ITGA11"
"COL4A2","ITGB3"
"COL4A2","CD93"
"COL4A2","ITGB5"
"COL4A2","DDR1"
"COL4A2","DDR2"
"COL4A2","ITGA2"
"COL4A2","ITGB1"
"COL4A2","ITGA1"
"COL4A2","ITGA10"
"COL4A2","ITGA11"
"COL4A3","ITGB3"
"COL4A3","CD93"
"COL4A3","ITGAV"
"COL4A3","CD47"
"COL4A3","ITGA2"
"COL4A3","ITGB1"
"COL4A3","ITGA1"
"COL4A3","ITGA10"
"COL4A3","ITGA11"
"COL4A3","ITGB8"
"COL4A4","ITGB3"
"COL4A4","CD93"
"COL4A4","ITGAV"
"COL4A4","CD47"
"COL4A4","DDR1"
"COL4A4","DDR2"
"COL4A4","ITGA2"
"COL4A4","ITGB1"
"COL4A4","ITGA1"
"COL4A4","ITGA10"
"COL4A4","ITGA11"
"COL4A5","CD47"
"COL4A5","CD93"
"COL4A5","ITGAV"
"COL4A5","DDR2"
"COL4A5","DDR1"
"COL4A5","ITGA1"
"COL4A5","ITGB1"
"COL4A5","ITGA2"
"COL4A5","ITGA10"
"COL4A5","ITGA11"
"COL4A6","CD93"
"COL4A6","ITGAV"
"COL4A6","CD47"
"COL4A6","DDR2"
"COL4A6","DDR1"
"COL4A6","ITGA2"
"COL4A6","ITGB1"
"COL4A6","ITGA1"
"COL4A6","ITGA10"
"COL4A6","ITGA11"
"COL5A1","SDC3"
"COL5A1","DDR2"
"COL5A1","SDC1"
"COL5A1","CD93"
"COL5A1","DDR1"
"COL5A1","LAIR1"
"COL5A1","ITGA1"
"COL5A1","ITGB1"
"COL5A1","ITGA2"
"COL5A1","ITGA10"
"COL5A1","ITGA11"
"COL5A2","DDR1"
"COL5A2","DDR2"
"COL5A2","SDC1"
"COL5A2","CD93"
"COL5A2","LAIR1"
"COL5A2","ITGA1"
"COL5A2","ITGB1"
"COL5A2","ITGA2"
"COL5A2","ITGA10"
"COL5A2","ITGA11"
"COL5A3","SDC3"
"COL5A3","CD93"
"COL5A3","DDR2"
"COL5A3","DDR1"
"COL5A3","SDC1"
"COL5A3","ITGA1"
"COL5A3","ITGB1"
"COL5A3","ITGA2"
"COL5A3","ITGA10"
"COL5A3","ITGA11"
"COL6A1","ITGA6"
"COL6A1","ITGA1"
"COL6A1","ITGB1"
"COL6A1","ITGA2"
"COL6A1","ITGA10"
"COL6A1","ITGA11"
"COL6A2","ITGA1"
"COL6A2","ITGB1"
"COL6A2","ITGA2"
"COL6A2","ITGA10"
"COL6A2","ITGA11"
"COL6A3","ITGA1"
"COL6A3","ITGB1"
"COL6A3","ITGA2"
"COL6A3","ITGA10"
"COL6A3","ITGA11"
"COL6A5","ITGA1"
"COL6A5","ITGB1"
"COL6A5","ITGA2"
"COL6A5","ITGA10"
"COL6A5","ITGA11"
"COL6A6","ITGA1"
"COL6A6","ITGB1"
"COL6A6","ITGA2"
"COL6A6","ITGA10"
"COL6A6","ITGA11"
"COL7A1","ITGA1"
"COL7A1","ITGB1"
"COL7A1","ITGA2"
"COL7A1","ITGA10"
"COL7A1","ITGA11"
"COL8A1","ITGA1"
"COL8A1","ITGA2"
"COL8A1","DDR1"
"COL8A1","ITGB1"
"COL8A1","ITGA10"
"COL8A1","ITGA11"
"COL8A2","SLC4A11"
"COL8A2","DDR1"
"COL8A2","ITGA1"
"COL8A2","ITGB1"
"COL8A2","ITGA2"
"COL8A2","ITGA10"
"COL8A2","ITGA11"
"COL9A1","MAG"
"COL9A1","ITGA1"
"COL9A1","ITGB1"
"COL9A1","ITGA2"
"COL9A1","ITGA10"
"COL9A1","ITGA11"
"COL9A2","MAG"
"COL9A2","ITGA1"
"COL9A2","ITGB1"
"COL9A2","ITGA2"
"COL9A2","ITGA10"
"COL9A2","ITGA11"
"COL9A3","MAG"
"COL9A3","ITGA1"
"COL9A3","ITGB1"
"COL9A3","ITGA2"
"COL9A3","ITGA10"
"COL9A3","ITGA11"
"COLQ","MUSK"
"COMP","ITGA2B"
"COMP","ITGAV"
"COMP","SDC1"
"COMP","ITGB1"
"COMP","ITGB3"
"COMP","CD36"
"COMP","CD47"
"COMP","ITGA5"
"COMP","ITGA7"
"COMP","ITGA3"
"COPA","NTSR2"
"COPA","CD74"
"COPA","MTNR1B"
"COPA","SORT1"
"COPA","P2RY6"
"COPA","NTRK1"
"CORIN","KIRREL1"
"CORIN","LRRC4C"
"CORT","MRGPRX3"
"CORT","MRGPRX4"
"CORT","SSTR1"
"CORT","SSTR2"
"CORT","SSTR3"
"CORT","SSTR4"
"CORT","SSTR5"
"CORT","GHSR"
"CORT","MRGPRX2"
"CP","SMO"
"CP","SLC40A1"
"CPAMD8","SCTR"
"CRB3","LIN7C"
"CRB3","PATJ"
"CRH","LINC02210-CRHR1"
"CRH","MC2R"
"CRH","CRHR1"
"CRH","CRHR2"
"CRHR2","GNAS"
"CRISP2","CATSPER1"
"CRISP3","A1BG"
"CRLF1","IL6ST"
"CRLF1","CNTFR"
"CRLF1","LIFR"
"CRLF1","SORL1"
"CRP","OLR1"
"CRP","CR1"
"CRTAM","DSC3"
"CRTAM","NTRK3"
"CRTAM","CADM1"
"CRTAM","MUC15"
"CRTAM","ILDR2"
"CSF1","CSF1R"
"CSF1","CSF2RA"
"CSF1","CSF3R"
"CSF1","SIRPA"
"CSF2","CSF1R"
"CSF2","CSF2RA"
"CSF2","CSF3R"
"CSF2","CSF2RB"
"CSF2","IL3RA"
"CSF2","SDC2"
"CSF3","CSF1R"
"CSF3","CSF3R"
"CSF3","CSF2RA"
"CSH1","GHR"
"CSH1","PRLR"
"CSH2","GHR"
"CSH2","PRLR"
"CSHL1","PRLR"
"CSHL1","GHR"
"CTF1","IL6ST"
"CTF1","LIFR"
"CTHRC1","FZD5"
"CTHRC1","FZD6"
"CTHRC1","FZD3"
"CTHRC1","ROR2"
"CTSD","APP"
"CTSG","F2R"
"CTSG","F2RL1"
"CTSG","F2RL2"
"CX3CL1","CX3CR1"
"CX3CL1","ITGAV"
"CX3CL1","ITGB3"
"CX3CL1","ITGA4"
"CX3CL1","ITGB1"
"CXADR","KLRA1P"
"CXADR","JAML"
"CXCL1","CXCR2"
"CXCL1","ACKR1"
"CXCL1","CXCR1"
"CXCL10","CXCR3"
"CXCL10","CCR3"
"CXCL10","DPP4"
"CXCL10","SDC4"
"CXCL10","ACKR1"
"CXCL11","CXCR3"
"CXCL11","ACKR3"
"CXCL11","CCR3"
"CXCL11","CCR5"
"CXCL11","DPP4"
"CXCL11","ACKR1"
"CXCL12","ACKR3"
"CXCL12","CXCR3"
"CXCL12","CXCR4"
"CXCL12","ITGB1"
"CXCL12","CD4"
"CXCL12","DPP4"
"CXCL13","CXCR5"
"CXCL13","CXCR3"
"CXCL13","ACKR4"
"CXCL13","CCR10"
"CXCL13","ACKR1"
"CXCL14","CXCR4"
"CXCL16","CXCR6"
"CXCL16","GRM7"
"CXCL16","MTNR1A"
"CXCL16","ADRA2A"
"CXCL17","GPR35"
"CXCL2","CXCR2"
"CXCL2","ACKR1"
"CXCL2","CXCR1"
"CXCL2","XCR1"
"CXCL2","DPP4"
"CXCL3","CXCR2"
"CXCL3","MTNR1A"
"CXCL3","GRM7"
"CXCL3","ADRA2A"
"CXCL3","CXCR1"
"CXCL3","ACKR1"
"CXCL5","CXCR2"
"CXCL5","MTNR1A"
"CXCL5","ACKR1"
"CXCL5","GRM7"
"CXCL5","ADRA2A"
"CXCL5","CXCR1"
"CXCL6","CXCR1"
"CXCL6","CXCR2"
"CXCL6","ACKR1"
"CXCL8","CXCR1"
"CXCL8","CXCR2"
"CXCL8","ACKR1"
"CXCL8","SDC1"
"CXCL8","SDC2"
"CXCL9","CXCR3"
"CXCL9","CCR3"
"CXCL9","DPP4"
"CXCL9","ACKR1"
"CYTL1","CCR2"
"DBH","ADRA2C"
"DBH","ADRB2"
"DBH","ADRB3"
"DBH","ADRA1A"
"DBH","ADRA1B"
"DBH","ADRA1D"
"DBH","ADRA2A"
"DBH","ADRA2B"
"DBH","ADRB1"
"DBH","GPR161"
"DCHS1","FAT4"
"DCN","EGFR"
"DCN","MET"
"DCN","ERBB4"
"DCN","TLR2"
"DCN","TLR4"
"DCN","LRP1"
"DCN","IGF1R"
"DCN","KDR"
"DEFB1","CCR6"
"DEFB103B","CCR6"
"DEFB103B","CCR2"
"DEFB106B","CCR2"
"DEFB4A","CCR6"
"DEFB4A","TLR4"
"DEFB4B","CCR6"
"DHH","PTCH2"
"DHH","HHIP"
"DHH","PTCH1"
"DHH","BOC"
"DHH","CDON"
"DKK1","LRP6"
"DKK1","LRP5"
"DKK1","KREMEN2"
"DKK1","KREMEN1"
"DKK2","KREMEN2"
"DKK2","LRP6"
"DKK2","KREMEN1"
"DKK2","LRP5"
"DKK3","KREMEN1"
"DKK4","LRP6"
"DKK4","LRP5"
"DKK4","KREMEN1"
"DKK4","KREMEN2"
"DLK1","ACVR2B"
"DLK1","ERBB4"
"DLK1","NOTCH1"
"DLK1","NOTCH2"
"DLK1","NOTCH3"
"DLK1","NOTCH4"
"DLK2","NOTCH1"
"DLL1","MUSK"
"DLL1","NOTCH1"
"DLL1","NOTCH2"
"DLL1","NOTCH3"
"DLL1","NOTCH4"
"DLL3","NOTCH1"
"DLL3","NOTCH2"
"DLL3","NOTCH3"
"DLL3","NOTCH4"
"DLL4","NOTCH4"
"DLL4","NOTCH1"
"DLL4","NOTCH2"
"DLL4","NOTCH3"
"DMP1","ITGB3"
"DMP1","ITGAV"
"DRAXIN","DCC"
"DSC1","DSG2"
"DSC1","DSG3"
"DSC1","DSG1"
"DSC1","DSG4"
"DSC2","DSG1"
"DSC2","DSG2"
"DSC2","DSG3"
"DSC2","DSG4"
"DSC3","DSG3"
"DSC3","DSG1"
"DSC3","DSG2"
"DSC3","DSG4"
"DSCAM","DSCAM"
"DSCAM","DCC"
"DSCAM","PTPRK"
"DSCAM","PTPRT"
"DSCAM","NOTCH3"
"DSCAM","PTPRM"
"DSCAML1","AQP9"
"DSCAML1","PTPRK"
"DSCAML1","PTPRT"
"DSCAML1","PTPRM"
"DSG1","DSC3"
"DSG1","FLT4"
"DSG2","DSC1"
"DSG2","DSC3"
"DSPP","ITGB1"
"DSPP","ITGB6"
"DSPP","ITGAV"
"DUSP18","CD151"
"DUSP18","ITGA1"
"DUSP18","ITGA2"
"DUSP18","ITGA3"
"DUSP18","ITGA6"
"DUSP18","ITGA7"
"DUSP18","ITGB1"
"DUSP18","ITGB4"
"DUSP18","RPSA"
"DUSP18","RPSAP58"
"EBI3","IL6ST"
"EBI3","IL27RA"
"ECM1","ITGB4"
"ECM1","CACHD1"
"EDA","EDAR"
"EDA","EDA2R"
"EDA","IL1RL1"
"EDIL3","ITGAV"
"EDIL3","ITGB5"
"EDIL3","ITGB3"
"EDIL3","ITGA5"
"EDIL3","ITGB1"
"EDN1","EDNRA"
"EDN1","EDNRB"
"EDN1","ADGRL4"
"EDN1","ECE1"
"EDN1","EGFR"
"EDN2","EDNRA"
"EDN2","EDNRB"
"EDN3","EDNRB"
"EDN3","EDNRA"
"EFEMP1","EGFR"
"EFEMP2","AQP1"
"EFEMP2","PLSCR4"
"EFEMP2","CATSPER1"
"EFEMP2","LINGO1"
"EFNA1","EPHA1"
"EFNA1","EPHA6"
"EFNA1","EPHA8"
"EFNA1","EPHA4"
"EFNA1","EPHA2"
"EFNA1","EPHA3"
"EFNA1","EPHA5"
"EFNA1","EPHA7"
"EFNA1","EPHB1"
"EFNA2","EPHA2"
"EFNA2","EPHA6"
"EFNA2","EPHA7"
"EFNA2","EPHA8"
"EFNA2","EPHA5"
"EFNA2","EPHA4"
"EFNA2","EPHA10"
"EFNA2","EPHA3"
"EFNA2","EPHA1"
"EFNA3","EPHA6"
"EFNA3","EPHA3"
"EFNA3","EPHA7"
"EFNA3","EPHA8"
"EFNA3","EPHA5"
"EFNA3","EPHA2"
"EFNA3","EPHA4"
"EFNA3","EPHA10"
"EFNA3","EPHB1"
"EFNA3","EPHA1"
"EFNA4","EPHA6"
"EFNA4","EPHA4"
"EFNA4","EPHA7"
"EFNA4","EPHA8"
"EFNA4","EPHA2"
"EFNA4","EPHA3"
"EFNA4","EPHA5"
"EFNA4","EPHA1"
"EFNA4","EPHA10"
"EFNA5","EPHA5"
"EFNA5","EPHA6"
"EFNA5","EPHA7"
"EFNA5","EPHA4"
"EFNA5","EPHA3"
"EFNA5","EPHA8"
"EFNA5","EPHA2"
"EFNA5","EPHB6"
"EFNA5","EPHB1"
"EFNA5","EPHB2"
"EFNA5","EPHA1"
"EFNB1","EPHA3"
"EFNB1","NAALAD2"
"EFNB1","TRHDE"
"EFNB1","ITLN1"
"EFNB1","SLAMF9"
"EFNB1","EVC2"
"EFNB1","DSG4"
"EFNB1","FAM187B"
"EFNB1","DAG1"
"EFNB1","LVRN"
"EFNB1","EPHB1"
"EFNB1","EPHB2"
"EFNB1","EPHB3"
"EFNB1","EPHB4"
"EFNB1","EPHB6"
"EFNB1","ERBB2"
"EFNB1","EPHA4"
"EFNB2","EPHA8"
"EFNB2","KIR2DS3"
"EFNB2","TCTN2"
"EFNB2","FCRL1"
"EFNB2","C19orf38"
"EFNB2","EPHA10"
"EFNB2","KLRA1P"
"EFNB2","EPHB4"
"EFNB2","EPHB2"
"EFNB2","EPHB1"
"EFNB2","EPHB3"
"EFNB2","EPHA3"
"EFNB2","EPHB6"
"EFNB2","PECAM1"
"EFNB2","RHBDL2"
"EFNB2","GRM5"
"EFNB2","EPHA4"
"EFNB2","EPHA6"
"EFNB2","GRM1"
"EFNB3","EPHA3"
"EFNB3","C19orf38"
"EFNB3","EPHA10"
"EFNB3","EPHB3"
"EFNB3","EPHA4"
"EFNB3","EPHB6"
"EFNB3","EPHB4"
"EFNB3","RHBDL2"
"EFNB3","EPHB1"
"EFNB3","EPHB2"
"EGF","TNFRSF11B"
"EGF","EGFR"
"EGF","ERBB2"
"EGF","ERBB3"
"EGF","ERBB4"
"EGFL8","NCR3"
"ELFN1","FLT1"
"EMC1","PRLR"
"ENAM","CD63"
"ENG","CDH5"
"ENG","ITGAV"
"ENG","ACVRL1"
"ENG","BMPR2"
"ENG","ACVR2A"
"ENHO","GPR19"
"ENPP1","INSR"
"ENTPD1","ADORA1"
"ENTPD1","ADORA2A"
"ENTPD1","ADORA2B"
"ENTPD1","TMIGD3"
"EPCAM","CLDN7"
"EPCAM","CLDN1"
"EPGN","IGSF11"
"EPGN","EGFR"
"EPGN","ERBB4"
"EPHA4","FGFR3"
"EPHA4","FGFR2"
"EPHA4","FGFR4"
"EPHA4","FGFR1"
"EPO","EPOR"
"EPO","EPHB4"
"EREG","EGFR"
"EREG","ERBB4"
"EREG","ERBB3"
"EREG","ERBB2"
"ERFE","LRP1"
"ESAM","ESAM"
"ESAM","ROBO3"
"ESM1","ITGAL"
"ESM1","ITGB2"
"EXOC3-AS1","TRAF2"
"EZR","SLC9A1"
"F10","F7"
"F10","ITGAM"
"F10","ITGB2"
"F10","F3"
"F11","F9"
"F11","GP1BA"
"F11","GP5"
"F11","GP1BB"
"F11","GP9"
"F11R","F11R"
"F11R","JAM3"
"F11R","ROBO3"
"F11R","JAM2"
"F11R","ULBP3"
"F11R","ITGAL"
"F11R","ITGB2"
"F12","F11"
"F12","KLKB1"
"F12","GP1BA"
"F12","CD93"
"F12","GP5"
"F12","GP1BB"
"F12","GP9"
"F13A1","ITGA4"
"F13A1","ITGB1"
"F13A1","ITGA9"
"F2","F2RL2"
"F2","F8"
"F2","F5"
"F2","F2R"
"F2","F2RL1"
"F2","F2RL3"
"F2","THBD"
"F2","GP1BA"
"F2","ITGA2B"
"F2","GP9"
"F5","PROC"
"F7","F9"
"F7","F10"
"F7","F3"
"F8","LDLR"
"F8","LRP1"
"F8","ASGR2"
"F8","LRP4"
"F8","LRP2"
"F8","F10"
"F9","F7"
"F9","LRP1"
"FAM200A","CTLA4"
"FAM3B","LRP5"
"FAM3C","GLRA2"
"FAM3C","LAMP1"
"FAM3C","LIFR"
"FAM3C","FFAR2"
"FAM3C","CLEC2D"
"FAM3C","KIR2DL3"
"FAM3C","GPR42"
"FAM3C","ADGRG5"
"FAM3C","PDCD1"
"FAM3D","FPR1"
"FAM3D","FPR2"
"FAP","NPR2"
"FAP","DPP4"
"FASLG","FAS"
"FASLG","TNFRSF6B"
"FAT4","DCHS1"
"FBLN1","ITGB1"
"FBLN2","ITGB3"
"FBN1","ITGB3"
"FBN1","ITGB1"
"FBN1","ITGAV"
"FBN1","ITGB6"
"FBN1","ITGA5"
"FCAR","VSIG8"
"FCAR","TNFRSF14"
"FCAR","SIGLEC14"
"FCAR","CD33"
"FCAR","SIGLEC10"
"FCAR","SIGLEC6"
"FCER2","CR2"
"FCER2","ITGB2"
"FCER2","ITGAM"
"FCER2","ITGAX"
"FCER2","ITGAV"
"FCER2","ITGB3"
"FCGR3B","EDA2R"
"FCN1","LRP1"
"FCN2","LRP1"
"FCRL6","NRP2"
"FGA","ITGB1"
"FGA","ITGAX"
"FGA","ITGAM"
"FGA","ITGB3"
"FGA","CDH5"
"FGA","ITGB2"
"FGA","TLR4"
"FGA","ITGAV"
"FGA","ITGA2B"
"FGA","ITGA5"
"FGA","PLAT"
"FGB","ITGAM"
"FGB","ITGB1"
"FGB","ITGB3"
"FGB","ITGB2"
"FGB","TLR4"
"FGB","ITGAV"
"FGB","ITGA2B"
"FGB","ITGA5"
"FGB","CDH5"
"FGF1","FGFR1"
"FGF1","FGFR2"
"FGF1","FGFR4"
"FGF1","FGFR3"
"FGF1","NRP1"
"FGF10","FGFR3"
"FGF10","FGFR4"
"FGF10","FGFR2"
"FGF10","FGFRL1"
"FGF10","FGFR1"
"FGF11","SCN1A"
"FGF11","SCN4A"
"FGF11","SCN5A"
"FGF11","SCN9A"
"FGF11","SCN2A"
"FGF11","SCN3A"
"FGF11","SCN11A"
"FGF11","SCN8A"
"FGF11","SCN10A"
"FGF11","FGFR2"
"FGF11","FGFR1"
"FGF11","FGFR3"
"FGF11","FGFR4"
"FGF12","SCN1A"
"FGF12","SCN4A"
"FGF12","SCN5A"
"FGF12","SCN9A"
"FGF12","SCN2A"
"FGF12","SCN3A"
"FGF12","SCN11A"
"FGF12","SCN8A"
"FGF12","SCN10A"
"FGF12","FGFR4"
"FGF12","FGFR3"
"FGF12","FGFR1"
"FGF12","FGFR2"
"FGF13","SCN1A"
"FGF13","SCN4A"
"FGF13","SCN5A"
"FGF13","SCN9A"
"FGF13","SCN2A"
"FGF13","SCN3A"
"FGF13","SCN11A"
"FGF13","SCN8A"
"FGF13","SCN10A"
"FGF13","FGFR1"
"FGF13","FGFR2"
"FGF13","FGFR3"
"FGF13","EGFR"
"FGF13","FGFR4"
"FGF14","SCN1A"
"FGF14","SCN4A"
"FGF14","SCN5A"
"FGF14","SCN9A"
"FGF14","SCN2A"
"FGF14","SCN3A"
"FGF14","SCN11A"
"FGF14","SCN8A"
"FGF14","SCN10A"
"FGF14","FGFR2"
"FGF14","FGFR1"
"FGF14","FGFR4"
"FGF14","FGFR3"
"FGF16","FGFR2"
"FGF16","FGFR4"
"FGF16","FGFR3"
"FGF16","FGFR1"
"FGF17","FGFR2"
"FGF17","FGFR1"
"FGF17","FGFR4"
"FGF17","FGFR3"
"FGF18","FGFR2"
"FGF18","FGFR4"
"FGF18","FGFR1"
"FGF18","FGFR3"
"FGF19","FGFR4"
"FGF19","FGFR2"
"FGF19","FGFR1"
"FGF19","FGFR3"
"FGF19","KLB"
"FGF2","FGFR2"
"FGF2","FGFR4"
"FGF2","FGFR3"
"FGF2","SDC1"
"FGF2","FGFR1"
"FGF2","CD44"
"FGF2","SDC3"
"FGF2","SDC4"
"FGF2","GPC4"
"FGF2","SDC2"
"FGF2","FGFRL1"
"FGF2","NRP1"
"FGF20","FGFR2"
"FGF20","FGFR4"
"FGF20","FGFR1"
"FGF20","FGFR3"
"FGF21","KLB"
"FGF21","FGFR4"
"FGF21","FGFR3"
"FGF21","FGFR1"
"FGF21","FGFR2"
"FGF22","FGFR2"
"FGF22","FGFR1"
"FGF22","FGFRL1"
"FGF23","FGFR2"
"FGF23","FGFR4"
"FGF23","FGFR1"
"FGF23","FGFR3"
"FGF3","FGFR2"
"FGF3","FGFR1"
"FGF3","FGFR3"
"FGF3","FGFR4"
"FGF3","FGFRL1"
"FGF4","FGFR2"
"FGF4","FGFR4"
"FGF4","FGFR1"
"FGF4","FGFR3"
"FGF4","NRP1"
"FGF5","FGFR1"
"FGF5","FGFR2"
"FGF5","FGFR3"
"FGF5","FGFR4"
"FGF6","FGFR2"
"FGF6","FGFR4"
"FGF6","SDC4"
"FGF6","FGFR1"
"FGF6","FGFR3"
"FGF7","FGFR2"
"FGF7","FGFR4"
"FGF7","FGFR1"
"FGF7","FGFR3"
"FGF7","NRP1"
"FGF8","FGFR2"
"FGF8","FGFRL1"
"FGF8","FGFR1"
"FGF8","FGFR3"
"FGF8","FGFR4"
"FGF9","FGFR3"
"FGF9","FGFR2"
"FGF9","FGFR1"
"FGF9","FGFR4"
"FGFRL1","GPC4"
"FGFRL1","NRXN3"
"FGFRL1","NRXN2"
"FGFRL1","GP6"
"FGFRL1","PLVAP"
"FGFRL1","FGFR1"
"FGG","ITGB1"
"FGG","ITGB3"
"FGG","ITGB2"
"FGG","TLR4"
"FGG","ITGAV"
"FGG","ITGA2B"
"FGG","ITGA5"
"FGL1","LAG3"
"FGL1","EGFR"
"FLRT1","UNC5C"
"FLRT1","UNC5D"
"FLRT1","UNC5A"
"FLRT1","UNC5B"
"FLRT2","FLT4"
"FLRT2","UNC5C"
"FLRT2","UNC5D"
"FLRT2","UNC5A"
"FLRT2","UNC5B"
"FLRT3","UNC5C"
"FLRT3","UNC5A"
"FLRT3","UNC5D"
"FLRT3","UNC5B"
"FLT3LG","FLT3"
"FN1","ITGA2"
"FN1","ITGA2B"
"FN1","ITGA3"
"FN1","ITGB8"
"FN1","SDC1"
"FN1","ITGB1"
"FN1","ITGAV"
"FN1","ITGA4"
"FN1","ITGB3"
"FN1","ITGA8"
"FN1","CD44"
"FN1","COL13A1"
"FN1","TSHR"
"FN1","MAG"
"FN1","NT5E"
"FN1","ITGA9"
"FN1","ITGB6"
"FN1","ITGA5"
"FN1","TNFRSF11B"
"FN1","SDC2"
"FN1","PLAUR"
"FN1","ITGB7"
"FNDC5","ITGAV"
"FNDC5","ITGB5"
"FSHB","FSHR"
"FSHB","ADCYAP1R1"
"FSHB","TSHR"
"FSHB","GPR84"
"FSHB","RAMP3"
"FSHB","RAMP2"
"FSHB","ADRB2"
"FSHB","PTH1R"
"FSHB","VIPR1"
"FSHB","ADRB3"
"FSHB","GPR20"
"FST","HJV"
"FST","BMPR2"
"FST","BMPR1B"
"FSTL5","CEACAM19"
"FSTL5","LILRB2"
"FSTL5","CHL1"
"FSTL5","SDK2"
"FSTL5","GP6"
"FSTL5","SIGLEC6"
"FSTL5","CD86"
"FSTL5","CNTN5"
"FSTL5","LILRA1"
"FSTL5","IL6R"
"FURIN","INSR"
"FURIN","NOTCH1"
"FURIN","LRP1"
"FURIN","DSG3"
"FURIN","ADAM19"
"FURIN","ADAMTS1"
"FURIN","BACE1"
"FURIN","SORCS1"
"GAD1","GRM4"
"GAL","GALR1"
"GAL","GALR2"
"GAL","GALR3"
"GAL","GPR151"
"GALP","GALR2"
"GALP","GALR3"
"GALP","GALR1"
"GAS6","AXL"
"GAS6","MERTK"
"GAS6","TYRO3"
"GAST","CCKAR"
"GAST","CCKBR"
"GC","LRP2"
"GCG","GLP1R"
"GCG","GLP2R"
"GCG","GCGR"
"GCG","DPP4"
"GCG","GIPR"
"GDF1","BMPR1A"
"GDF1","BMPR2"
"GDF1","ACVR1"
"GDF1","ACVR1B"
"GDF1","ACVR2B"
"GDF1","ACVR1C"
"GDF1","ACVR2A"
"GDF1","CFC1"
"GDF10","BMPR2"
"GDF10","ACVR1B"
"GDF10","ACVR2B"
"GDF10","ACVR2A"
"GDF11","ACVR2B"
"GDF11","ACVR1B"
"GDF11","BMPR2"
"GDF11","BMPR1A"
"GDF11","BMPR1B"
"GDF11","ACVR1C"
"GDF11","ACVR2A"
"GDF11","TGFBR1"
"GDF15","GFRAL"
"GDF15","ERBB2"
"GDF15","RET"
"GDF2","ACVR1"
"GDF2","ACVR2B"
"GDF2","ENG"
"GDF2","ACVR2A"
"GDF2","ACVRL1"
"GDF2","BMPR2"
"GDF3","TDGF1"
"GDF3","ACVR1B"
"GDF3","ACVR2A"
"GDF3","ACVR1C"
"GDF3","ACVR2B"
"GDF3","CFC1"
"GDF5","BMPR2"
"GDF5","ACVR2B"
"GDF5","BMPR1B"
"GDF5","ROR2"
"GDF5","ACVR1"
"GDF5","BMPR1A"
"GDF5","ACVR2A"
"GDF6","BMPR2"
"GDF6","BMPR1A"
"GDF6","ACVR2A"
"GDF6","ACVR2B"
"GDF6","BMPR1B"
"GDF7","ACVR2A"
"GDF7","BMPR1B"
"GDF7","ACVR2B"
"GDF7","BMPR2"
"GDF7","BMPR1A"
"GDF9","BMPR1B"
"GDF9","ACVR2A"
"GDF9","BMPR1A"
"GDF9","TGFBR1"
"GDF9","BMPR2"
"GDF9","FXYD6"
"GDF9","ORAI2"
"GDF9","ACVR1B"
"GDNF","RET"
"GDNF","GFRA2"
"GDNF","NCAM1"
"GDNF","GFRA1"
"GGT1","CD81"
"GGT1","CD82"
"GGT1","CD53"
"GH1","PRLR"
"GH1","GHR"
"GH2","PRLR"
"GH2","GHR"
"GHRH","GHRHR"
"GHRH","VIPR1"
"GHRH","ADCYAP1R1"
"GHRH","GPR20"
"GHRH","TSHR"
"GHRH","GPR84"
"GHRH","RAMP3"
"GHRH","RAMP2"
"GHRH","ADRB2"
"GHRH","PTH1R"
"GHRH","ADRB3"
"GHRH","VIPR2"
"GHRH","GHSR"
"GHRH","DPP4"
"GHRL","GHSR"
"GHRL","PTGER3"
"GHRL","TBXA2R"
"GHRL","MLNR"
"GHRL","GHRHR"
"GHRL","GPR39"
"GIP","GIPR"
"GIP","DPP4"
"GJB2","GJB6"
"GJB6","GJB2"
"GLG1","SELE"
"GLG1","MOG"
"GLG1","UNC5B"
"GNAS","ADCY1"
"GNAS","ADCY5"
"GNAS","ADCY2"
"GNAS","ADRB2"
"GNAS","ADRB3"
"GNAS","AVPR2"
"GNAS","PTGIR"
"GNAS","HTR6"
"GNAS","PTGDR"
"GNAS","CRHR1"
"GNAS","GCGR"
"GNAS","TSHR"
"GNAS","ADCY8"
"GNAS","ADCY9"
"GNAS","LHCGR"
"GNAS","VIPR1"
"GNAS","ADORA1"
"GNAS","ADCY6"
"GNRH1","CAMK2A"
"GNRH1","GNRHR"
"GNRH2","GNRHR"
"GNRH2","GNRHR2"
"GP1BA","SELP"
"GP1BA","ITGAM"
"GP1BA","ITGB2"
"GP5","ITGB2"
"GP5","LAYN"
"GP5","ITGAM"
"GP5","SELP"
"GPC3","DPP4"
"GPC3","LRP1"
"GPC3","CD81"
"GPC3","LRP2"
"GPC3","IGF1R"
"GPC3","FGFR4"
"GPC3","UNC5D"
"GPC3","FLT1"
"GPC3","UNC5C"
"GPC3","VSIG10L"
"GPC3","TNFRSF11B"
"GPC6","FGFR4"
"GPC6","TNFRSF11B"
"GPC6","PTCH1"
"GPC6","FGFRL1"
"GPC6","LRP1"
"GPC6","LRP2"
"GPHA2","TSHR"
"GPHA2","EPHA6"
"GPHB5","TSHR"
"GPI","AMFR"
"GREM1","KDR"
"GRN","TNFRSF1A"
"GRN","EGFR"
"GRN","SORT1"
"GRN","TNFRSF1B"
"GRN","CLEC4M"
"GRP","GRPR"
"GRP","BRS3"
"GRP","NMBR"
"GRP","FAP"
"GSTP1","TRAF2"
"GUCA2A","GUCY2C"
"GUCA2B","GUCY2C"
"GUCA2B","GUCY2D"
"GUCY2D","NECTIN3"
"GUCY2D","NECTIN4"
"GZMB","IGF2R"
"GZMB","CHRM3"
"GZMB","MCL1"
"HAPLN1","MPIG6B"
"HAPLN1","PRTG"
"HAPLN1","IGDCC4"
"HAPLN1","IL1RL1"
"HAPLN1","ADGRA2"
"HAPLN1","AGER"
"HAPLN1","TREML2"
"HAPLN1","TNFRSF11B"
"HAS1","CD44"
"HAS2","HMMR"
"HAS2","CD44"
"HAS2","ERBB2"
"HAS2","EZR"
"HAVCR1","TIMD4"
"HAVCR1","CD300LB"
"HAVCR1","BTN3A3"
"HAVCR1","SIGLEC1"
"HAVCR1","IGSF21"
"HBEGF","MOG"
"HBEGF","CD6"
"HBEGF","EGFR"
"HBEGF","ERBB4"
"HBEGF","CD44"
"HBEGF","CD9"
"HBEGF","ERBB2"
"HBEGF","CD82"
"HCRT","HCRTR1"
"HCRT","HCRTR2"
"HCRT","NPFFR2"
"HDC","HRH1"
"HDC","HRH2"
"HDC","HRH3"
"HDC","HRH4"
"HEBP1","FPR2"
"HEBP1","FPR3"
"HGF","MET"
"HGF","CD44"
"HGF","SDC1"
"HGF","SDC2"
"HGF","ST14"
"HHIPL2","CACHD1"
"HHLA2","KIR3DL3"
"HHLA2","TMIGD2"
"HHLA2","VSTM2B"
"HHLA2","VSIG8"
"HJV","NEO1"
"HLA-A","LILRB1"
"HLA-A","KIR3DL2"
"HLA-A","APLP2"
"HLA-A","ERBB2"
"HLA-A","KIR3DL1"
"HLA-A","LILRB2"
"HLA-A","CD8A"
"HLA-A","KLRD1"
"HLA-B","LILRB1"
"HLA-B","KIR3DL1"
"HLA-B","KIR3DL2"
"HLA-B","KIR2DL3"
"HLA-B","KLRD1"
"HLA-B","LILRB2"
"HLA-B","CD8A"
"HLA-C","LILRB1"
"HLA-C","KIR2DL1"
"HLA-C","KIR2DL2"
"HLA-C","KIR2DL3"
"HLA-C","LILRB2"
"HLA-C","KIR2DS1"
"HLA-C","KIR2DS4"
"HLA-C","LILRA3"
"HLA-DMA","CD74"
"HLA-DMA","CD4"
"HLA-DMB","CD74"
"HLA-DMB","CD4"
"HLA-DOA","CD4"
"HLA-DOB","CD4"
"HLA-DPB1","LAG3"
"HLA-DPB1","CD4"
"HLA-DQA1","LAG3"
"HLA-DQA1","CD4"
"HLA-DQA2","LAG3"
"HLA-DQA2","CD4"
"HLA-DQB1","LAG3"
"HLA-DQB1","CD4"
"HLA-DQB2","LAG3"
"HLA-DRA","CD4"
"HLA-DRA","LAG3"
"HLA-DRA","CD82"
"HLA-DRA","CD19"
"HLA-DRA","CD53"
"HLA-DRA","CD9"
"HLA-DRA","CD63"
"HLA-DRA","CR2"
"HLA-DRA","CD37"
"HLA-DRA","CD81"
"HLA-DRB1","LAG3"
"HLA-DRB1","CR2"
"HLA-DRB1","CD82"
"HLA-DRB1","CD81"
"HLA-DRB1","CD19"
"HLA-DRB1","CD37"
"HLA-DRB1","CD53"
"HLA-DRB3","LAG3"
"HLA-DRB3","CD4"
"HLA-DRB4","LAG3"
"HLA-DRB4","CD4"
"HLA-DRB5","LAG3"
"HLA-DRB5","CD4"
"HLA-E","CD8A"
"HLA-E","KLRC2"
"HLA-E","KLRD1"
"HLA-E","KLRK1"
"HLA-E","KLRC1"
"HLA-E","KLRC3"
"HLA-F","CD8A"
"HLA-F","LILRB1"
"HLA-F","KIR3DL1"
"HLA-F","KIR3DL2"
"HLA-F","KIR3DS1"
"HLA-F","LILRB2"
"HLA-F","KIR2DS4"
"HLA-G","KIR2DL4"
"HLA-G","LILRB1"
"HLA-G","KLRC1"
"HLA-G","LILRB2"
"HLA-G","KLRD1"
"HLA-G","KIR3DL1"
"HLA-G","CD8A"
"HMGB1","TLR4"
"HMGB1","AGER"
"HMGB1","HAVCR2"
"HMGB1","SDC1"
"HMGB1","TLR9"
"HMGB1","THBD"
"HMGB1","CXCR4"
"HMGB1","CD163"
"HMGB1","TLR2"
"HP","APOA1"
"HP","ITGAM"
"HP","ITGB2"
"HP","TLR4"
"HP","CD163"
"HP","CD22"
"HP","ASGR1"
"HP","ASGR2"
"HPX","LRP1"
"HRG","ERBB2"
"HRG","FCGR1A"
"HRG","ERBB3"
"HSP90B1","LRP1"
"HSPG2","DAG1"
"HSPG2","PTPRS"
"HSPG2","SDC1"
"HSPG2","ITGB1"
"HSPG2","COL13A1"
"HSPG2","FGFR1"
"HSPG2","LRP1"
"HSPG2","LRP2"
"HSPG2","ITGA2"
"IAPP","CALCR"
"IAPP","RAMP1"
"IAPP","RAMP2"
"IAPP","RAMP3"
"IBSP","ITGB3"
"IBSP","ITGAV"
"IBSP","ITGB5"
"ICAM1","ITGAX"
"ICAM1","ITGAM"
"ICAM1","ITGAL"
"ICAM1","EGFR"
"ICAM1","IL2RA"
"ICAM1","ITGB2"
"ICAM1","SPN"
"ICAM1","IL2RG"
"ICAM1","EZR"
"ICAM1","MSN"
"ICAM1","CDH5"
"ICAM2","ITGAM"
"ICAM2","ITGAL"
"ICAM2","ITGB2"
"ICAM3","CD209"
"ICAM3","ITGAL"
"ICAM3","ITGB2"
"ICAM3","CLEC4M"
"ICAM3","ITGAD"
"ICAM4","ITGAM"
"ICAM4","ITGAL"
"ICAM4","ITGA4"
"ICAM4","ITGB3"
"ICAM4","ITGB2"
"ICAM4","ITGB1"
"ICAM4","RHAG"
"ICAM4","ITGAV"
"ICAM4","ITGA2B"
"ICAM5","ITGAL"
"ICAM5","ITGB2"
"ICAM5","CD209"
"ICAM5","PRTG"
"ICAM5","IGDCC4"
"ICOSLG","ICOS"
"ICOSLG","CD28"
"ICOSLG","CTLA4"
"ICOSLG","NTM"
"IFITM1","CD81"
"IFNA1","IFNAR1"
"IFNA1","IFNAR2"
"IFNA10","IFNAR1"
"IFNA10","IFNAR2"
"IFNA13","IFNAR1"
"IFNA13","IFNAR2"
"IFNA13","CR2"
"IFNA14","IFNAR1"
"IFNA14","IFNAR2"
"IFNA16","IFNAR1"
"IFNA16","IFNAR2"
"IFNA17","IFNAR1"
"IFNA17","IFNAR2"
"IFNA2","IFNAR1"
"IFNA2","IFNAR2"
"IFNA2","CR2"
"IFNA21","IFNAR1"
"IFNA21","IFNAR2"
"IFNA4","IFNAR1"
"IFNA4","IFNAR2"
"IFNA5","IFNAR1"
"IFNA5","IFNAR2"
"IFNA6","IFNAR1"
"IFNA6","IFNAR2"
"IFNA7","IFNAR1"
"IFNA7","IFNAR2"
"IFNA8","IFNAR1"
"IFNA8","IFNAR2"
"IFNB1","IFNAR1"
"IFNB1","IFNAR2"
"IFNE","IFNAR1"
"IFNE","IFNAR2"
"IFNE","ADGRV1"
"IFNG","IFNGR1"
"IFNG","IFNGR2"
"IFNK","IFNAR1"
"IFNK","IFNAR2"
"IFNL1","IL10RB"
"IFNL1","IFNLR1"
"IFNL2","IL10RB"
"IFNL2","IFNLR1"
"IFNL3","IL10RB"
"IFNL3","IFNLR1"
"IFNL4","IFNLR1"
"IFNL4","IL10RB"
"IFNW1","IFNAR1"
"IFNW1","IFNAR2"
"IGF1","TRPV2"
"IGF1","IGF1R"
"IGF1","INSR"
"IGF1","ITGAV"
"IGF1","ITGB3"
"IGF1","ITGA6"
"IGF1","ITGB4"
"IGF2","IGF2R"
"IGF2","IGF1R"
"IGF2","INSR"
"IGF2","ITGAV"
"IGF2","ITGB3"
"IGF2","ITGA6"
"IGF2","ITGB4"
"IGFBP3","EGFR"
"IGFBP4","FZD8"
"IGFBP4","LRP6"
"IGFBP7","MPIG6B"
"IGFBPL1","DCC"
"IGFL1","IGFLR1"
"IGFL2","IGFLR1"
"IGFL3","IGFLR1"
"IGSF10","IGSF11"
"IGSF10","CD200R1L"
"IGSF10","MILR1"
"IGSF10","SLAMF9"
"IGSF10","MAG"
"IGSF11","TMEM190"
"IGSF11","VSIR"
"IGSF11","CLEC2L"
"IGSF21","CSF3R"
"IGSF21","CD22"
"IGSF21","CD79B"
"IGSF21","KIR2DS5"
"IGSF21","NRXN2"
"IGSF21","HAVCR1"
"IGSF21","IYD"
"IGSF21","ILDR2"
"IGSF21","MUC15"
"IGSF3","PTGFRN"
"IHH","PTCH2"
"IHH","PTCH1"
"IHH","HHIP"
"IHH","BOC"
"IHH","CDON"
"IL10","IL10RA"
"IL10","IL10RB"
"IL11","IL11RA"
"IL11","IL6ST"
"IL11","IL6R"
"IL12A","IL12RB1"
"IL12A","IL12RB2"
"IL12A","CD28"
"IL12B","IL12RB1"
"IL12B","IL12RB2"
"IL12B","IL23R"
"IL12B","BOC"
"IL13","IL13RA1"
"IL13","IL13RA2"
"IL13","IL4R"
"IL13","IL2RG"
"IL15","IL15RA"
"IL15","IL2RG"
"IL15","IL2RB"
"IL15","IL2RA"
"IL16","CD9"
"IL16","CD4"
"IL16","GRIN2B"
"IL16","KCNJ4"
"IL16","KCNJ15"
"IL16","KCNA3"
"IL16","KCNJ10"
"IL16","KCND2"
"IL16","GRIN2A"
"IL16","KCND1"
"IL16","GRIN2D"
"IL16","GRIN2C"
"IL17A","IL17RC"
"IL17A","IL17RA"
"IL17B","IL17RB"
"IL17C","IL17RE"
"IL17C","IL17RA"
"IL17F","IL17RC"
"IL17F","IL17RA"
"IL18","IL18R1"
"IL18","IL18RAP"
"IL18","IL1RAPL1"
"IL18","IL1RL2"
"IL18BP","KIR3DL3"
"IL18BP","IL6R"
"IL18BP","LILRA3"
"IL18BP","MAG"
"IL19","IL20RA"
"IL19","IL20RB"
"IL1A","IL1R1"
"IL1A","IL1RAP"
"IL1A","IL1R2"
"IL1B","IL1R2"
"IL1B","IL1R1"
"IL1B","IL1RAP"
"IL1B","ADRB2"
"IL1B","IL12RB2"
"IL1F10","IL1RAPL1"
"IL1F10","IL1RL2"
"IL1F10","IL1RAPL2"
"IL1F10","SIGIRR"
"IL1F10","IL1R1"
"IL1RN","IL1R1"
"IL1RN","IL1R2"
"IL1RN","IL1RL2"
"IL2","IL2RG"
"IL2","IL2RA"
"IL2","IL2RB"
"IL2","CD53"
"IL2","NGFR"
"IL20","IL22RA1"
"IL20","IL20RA"
"IL20","IL20RB"
"IL21","IL21R"
"IL21","IL2RG"
"IL21","IL4R"
"IL22","IL10RB"
"IL22","IL20RA"
"IL22","IL22RA2"
"IL22","IL22RA1"
"IL22","IL10RA"
"IL22","IL20RB"
"IL23A","IL12RB1"
"IL23A","IL23R"
"IL23A","IL12RB2"
"IL23A","LILRA1"
"IL23A","SIGLEC6"
"IL23A","LILRB2"
"IL23A","GP6"
"IL24","IL22RA1"
"IL24","IL20RA"
"IL24","IL20RB"
"IL24","IL10RB"
"IL25","IL17RB"
"IL25","IL17RA"
"IL26","IL20RA"
"IL26","IL10RB"
"IL26","IL20RB"
"IL27","IL27RA"
"IL3","IL3RA"
"IL3","CSF2RB"
"IL3","CSF2RA"
"IL3","BCL2"
"IL31","OSMR"
"IL31","IL31RA"
"IL32","ITGB3"
"IL33","IL1RL1"
"IL33","IL1RAP"
"IL34","CSF1R"
"IL34","PTPRZ1"
"IL36A","IL1RAP"
"IL36A","IL1RL2"
"IL36B","IL1RAP"
"IL36B","IL1RL2"
"IL36G","IFNAR1"
"IL36G","IFNAR2"
"IL36G","IL1RAP"
"IL36G","IL1RL2"
"IL36RN","IL1RAP"
"IL36RN","IL1RL2"
"IL37","IL18R1"
"IL37","IL1RAPL1"
"IL37","SIGIRR"
"IL4","IL4R"
"IL4","IL2RG"
"IL4","IL13RA1"
"IL4","IL13RA2"
"IL4","CD53"
"IL5","IL5RA"
"IL5","CSF2RB"
"IL6","IL6ST"
"IL6","IL6R"
"IL7","IL7R"
"IL7","IL2RG"
"IL9","IL9R"
"IL9","IL2RG"
"ILDR2","CSF2RB"
"ILDR2","FLT4"
"ILDR2","IGSF21"
"ILDR2","CLEC12B"
"IMPG2","CADM3"
"IMPG2","PRLR"
"INHA","ACVR1B"
"INHA","ACVR2A"
"INHA","ACVR2B"
"INHA","TGFBR3"
"INHA","ACVR1"
"INHBA","ACVR2B"
"INHBA","ACVR2A"
"INHBA","ACVR1B"
"INHBA","ACVR1"
"INHBA","ENG"
"INHBA","BAMBI"
"INHBA","TGFBR3"
"INHBA","ACVR1C"
"INHBB","ACVR2A"
"INHBB","ACVR1B"
"INHBB","ACVR2B"
"INHBB","ACVR1C"
"INHBB","ACVR1"
"INHBB","CFC1"
"INHBB","CFC1B"
"INHBB","BAMBI"
"INHBC","ACVR2B"
"INHBC","ACVR1B"
"INHBC","ACVR2A"
"INHBC","ACVR1"
"INHBE","ACVR1"
"INHBE","ACVR1B"
"INHBE","ACVR2B"
"INHBE","ACVR2A"
"INS","INSR"
"INS","IGF1R"
"INS","LRP2"
"INSL3","RXFP2"
"INSL3","ADCYAP1R1"
"INSL3","TSHR"
"INSL3","GPR84"
"INSL3","RXFP1"
"INSL3","RAMP3"
"INSL3","RAMP2"
"INSL3","ADRB2"
"INSL3","PTH1R"
"INSL3","VIPR1"
"INSL3","ADRB3"
"INSL3","GPR20"
"INSL5","RXFP3"
"INSL5","RXFP4"
"INSL5","MTNR1A"
"INSL5","GRM7"
"INSL5","ADRA2A"
"ITGA4","VCAM1"
"ITGA9","VCAM1"
"ITGAL","CD226"
"ITGAL","ICAM1"
"ITGAM","ICAM1"
"ITGB1","VCAM1"
"ITGB2","ICAM1"
"ITGB2","ICAM3"
"ITGB2","CD226"
"ITGB2","THY1"
"ITGB2","CD82"
"ITIH2","FCER1A"
"ITM2B","ROR2"
"IZUMO1","LILRA5"
"IZUMO1","CD9"
"IZUMO1","IZUMO1R"
"JAG1","NOTCH1"
"JAG1","NOTCH2"
"JAG1","NOTCH3"
"JAG1","CD46"
"JAG1","NOTCH4"
"JAG2","NOTCH1"
"JAG2","NOTCH2"
"JAG2","NOTCH3"
"JAG2","NOTCH4"
"JAM2","ITGA4"
"JAM2","JAM2"
"JAM2","JAM3"
"JAM2","F11R"
"JAM2","ITGA3"
"JAM2","ITGB1"
"JAM2","ITGAV"
"JAM3","JAM3"
"JAM3","ITGB1"
"JAM3","JAM2"
"JAM3","F11R"
"JAM3","ITGAM"
"JAM3","ITGB2"
"JAML","FCRL4"
"JAML","CD320"
"JAML","CXADR"
"KCNA1","RTN4"
"KCNA1","CNTN1"
"KCNA1","CNTNAP1"
"KIAA0319L","SIGLEC8"
"KIAA0319L","UNC5A"
"KIAA0319L","MPZL3"
"KIAA0319L","ILDR1"
"KIR2DL5A","LEPR"
"KIR2DL5A","PVR"
"KIR2DL5A","VSIG4"
"KIR2DL5A","TMEM167A"
"KIR2DS3","NEGR1"
"KIR2DS5","FLT4"
"KIR2DS5","IGSF21"
"KIRREL1","KIRREL1"
"KIRREL3","CD33"
"KISS1","KISS1R"
"KITLG","KIT"
"KITLG","EPOR"
"KITLG","LRRN3"
"KL","FGFR1"
"KL","FGFR3"
"KL","FGFR4"
"KL","TRPV5"
"KL","TRPV6"
"KL","INSR"
"KL","IGF1R"
"KLK3","EPOR"
"KLK3","NTRK1"
"KLKB1","F12"
"KLRA1P","CXADR"
"KNG1","BDKRB1"
"KNG1","BDKRB2"
"KNG1","RXFP4"
"KNG1","PLAUR"
"KNG1","ITGB2"
"KNG1","SDC2"
"KNG1","GP1BA"
"KNG1","CD93"
"KNG1","GPR135"
"L1CAM","L1CAM"
"L1CAM","CHL1"
"L1CAM","LVRN"
"L1CAM","EZR"
"L1CAM","EPHB2"
"L1CAM","CNTN1"
"L1CAM","ITGAV"
"L1CAM","ERBB3"
"L1CAM","ERBB2"
"L1CAM","EGFR"
"L1CAM","ITGA5"
"L1CAM","NCAM1"
"L1CAM","ALCAM"
"L1CAM","CD9"
"L1CAM","PTPRZ1"
"L1CAM","FGFR1"
"L1CAM","PLXNA1"
"L1CAM","NRP1"
"L1CAM","ITGB3"
"L1CAM","ITGA4"
"L1CAM","ITGB7"
"LACRT","SDC1"
"LAIR2","FGFR4"
"LAMA1","CD44"
"LAMA1","ITGA3"
"LAMA1","ITGAV"
"LAMA1","RPSA"
"LAMA1","RPSAP58"
"LAMA1","SV2A"
"LAMA1","ITGA6"
"LAMA1","ITGA7"
"LAMA1","ITGB1"
"LAMA1","ITGB4"
"LAMA1","ITGB8"
"LAMA1","NT5E"
"LAMA1","ITGA1"
"LAMA1","ITGA2"
"LAMA1","TMPRSS6"
"LAMA1","DAG1"
"LAMA1","ITGA9"
"LAMA2","RPSA"
"LAMA2","RPSAP58"
"LAMA2","ITGA7"
"LAMA2","ITGA3"
"LAMA2","ITGB4"
"LAMA2","ITGA1"
"LAMA2","ITGA2"
"LAMA2","ITGB1"
"LAMA2","ITGA6"
"LAMA2","DAG1"
"LAMA2","ITGA9"
"LAMA3","ITGB1"
"LAMA3","ITGA3"
"LAMA3","ITGB4"
"LAMA3","SDC2"
"LAMA3","ITGA6"
"LAMA4","ITGA6"
"LAMA4","ITGAV"
"LAMA4","ITGB1"
"LAMA4","ITGA3"
"LAMA4","ITGA9"
"LAMA5","SDC1"
"LAMA5","ITGA6"
"LAMA5","BCAM"
"LAMA5","ITGB1"
"LAMA5","ITGA2"
"LAMA5","ITGA3"
"LAMA5","ITGB4"
"LAMA5","SV2A"
"LAMA5","DAG1"
"LAMA5","CD151"
"LAMB1","ITGA7"
"LAMB1","ITGAV"
"LAMB1","ITGB1"
"LAMB1","ITGA6"
"LAMB1","ITGA1"
"LAMB1","ITGA2"
"LAMB1","ITGA3"
"LAMB1","ITGB4"
"LAMB1","ITGB8"
"LAMB1","CD151"
"LAMB1","ITGA9"
"LAMB2","RPSA"
"LAMB2","RPSAP58"
"LAMB2","ITGA3"
"LAMB2","ITGB4"
"LAMB2","ITGB1"
"LAMB2","ITGA6"
"LAMB3","CD151"
"LAMB3","ITGB1"
"LAMB3","ITGA6"
"LAMB3","ITGA3"
"LAMB3","ITGB4"
"LAMB3","ITGA2"
"LAMC1","ITGA6"
"LAMC1","ITGA1"
"LAMC1","ITGA7"
"LAMC1","ITGAV"
"LAMC1","ITGB1"
"LAMC1","ITGA2"
"LAMC1","ITGA3"
"LAMC1","ITGB4"
"LAMC2","ITGA6"
"LAMC2","CD151"
"LAMC2","ITGB1"
"LAMC2","ITGA2"
"LAMC2","ITGA3"
"LAMC2","ITGB4"
"LAMC2","ITGA9"
"LAMC3","CD44"
"LAMC3","DAG1"
"LAMC3","ITGA1"
"LAMC3","ITGA7"
"LAMC3","ITGA9"
"LAMC3","ITGAV"
"LAMC3","ITGB8"
"LAMC3","SV2C"
"LAMC3","ITGA6"
"LAMC3","ITGB1"
"LAMC3","ITGA3"
"LAMC3","ITGB4"
"LAMC3","ITGA2"
"LAYN","GP5"
"LAYN","LY6G6F"
"LCN1","LMBR1L"
"LCN2","LRP2"
"LCN2","FCGR2A"
"LEAP2","GHSR"
"LEFTY1","ACVR2B"
"LEFTY1","ACVR1B"
"LEFTY1","ACVR2A"
"LEFTY2","ACVR1B"
"LEFTY2","ACVR2A"
"LEFTY2","ACVR2B"
"LEP","LEPR"
"LEP","LRP2"
"LEP","ISLR2"
"LFNG","NOTCH1"
"LFNG","NOTCH2"
"LGALS1","CD69"
"LGALS1","ITGB1"
"LGALS1","PTPRC"
"LGALS3","LAG3"
"LGALS3","ENG"
"LGALS3","ANXA2"
"LGALS3","MCAM"
"LGALS3","PTPRK"
"LGALS3BP","ITGB1"
"LGALS3BP","CD33"
"LGALS9","HAVCR2"
"LGALS9","CD44"
"LGALS9","SLC1A5"
"LGALS9","MRC2"
"LGALS9","CD47"
"LGALS9","PTPRC"
"LGI1","ADAM23"
"LGI1","RTN4R"
"LGI2","ADAM23"
"LGI3","ADAM23"
"LGI3","STX1A"
"LGI4","ADAM23"
"LHB","LHCGR"
"LHB","PTH1R"
"LHB","ADCYAP1R1"
"LHB","RAMP2"
"LHB","VIPR1"
"LHB","RAMP3"
"LHB","GPR20"
"LHB","ADRB2"
"LHB","ADRB3"
"LHB","TSHR"
"LHB","GPR84"
"LIF","LIFR"
"LIF","IL6ST"
"LILRA6","LY6G6F"
"LILRA6","LCTL"
"LILRA6","CD300E"
"LILRB2","CD33"
"LILRB2","LILRA3"
"LILRB2","IFNGR1"
"LILRB2","SIGLEC14"
"LILRB2","FCAR"
"LILRB2","SIGLEC15"
"LILRB2","SIGLEC10"
"LILRB2","SIGLEC9"
"LILRB4","CNTFR"
"LILRB4","LAIR1"
"LIN7A","SLC6A12"
"LIN7B","KCNJ4"
"LIN7B","AQP1"
"LIN7C","ABCA1"
"LIN7C","KCNJ4"
"LIN7C","HTR2C"
"LINGO4","NFASC"
"LIPC","LRP1"
"LIPH","LPAR2"
"LIPH","LPAR1"
"LIPH","LPAR4"
"LOC101059948","LHCGR"
"LPA","ITGAM"
"LPA","LPAR3"
"LPA","ITGB2"
"LPA","LPAR1"
"LPA","LPAR4"
"LPA","LPAR2"
"LPA","LRP2"
"LPA","TREM2"
"LPL","GPIHBP1"
"LPL","SDC1"
"LPL","VLDLR"
"LPL","LRP1"
"LPL","LRP2"
"LRCH4","CADM3"
"LRFN1","PTPRS"
"LRFN3","FCRL1"
"LRFN4","PTPRD"
"LRFN4","PTPRS"
"LRFN5","TIE1"
"LRFN5","TNFRSF14"
"LRFN5","PTPRF"
"LRFN5","PTPRD"
"LRFN5","PTPRS"
"LRIG1","MOG"
"LRIG1","EGFR"
"LRIG1","ERBB3"
"LRIG1","ERBB2"
"LRIG1","ERBB4"
"LRIG1","MET"
"LRIG2","EGFR"
"LRIT1","FCRL1"
"LRIT1","SIGLEC6"
"LRIT2","PTPRD"
"LRIT2","SIGLEC10"
"LRP1B","PLAUR"
"LRPAP1","LRP1"
"LRPAP1","CD320"
"LRPAP1","SIRPA"
"LRRC4","NTNG2"
"LRRC4","PRSS55"
"LRRC4","NETO2"
"LRRC4B","BTN3A3"
"LRRC4B","BTN3A2"
"LRRC4B","BTN3A1"
"LRRC4B","PTPRF"
"LRRC4B","PTPRD"
"LRRC4B","PTPRS"
"LRRC4B","UNC5D"
"LRRC4C","LDLR"
"LRRC4C","BTN3A1"
"LRRC4C","SIGLEC15"
"LRRC4C","SIGLEC7"
"LRRC4C","SIGLEC8"
"LRRC4C","NTM"
"LRRC4C","NTNG1"
"LRRC4C","LRRTM4"
"LRRC4C","UNC5A"
"LRRC4C","TMEM53"
"LRRC52","TREM2"
"LRRC52","CD300LB"
"LRRN1","UNC5A"
"LRRN1","LRRC4"
"LRRN1","LRRC4C"
"LRRN2","TMEM123"
"LRRTM2","FGFR3"
"LRRTM2","MOG"
"LRRTM2","FGFR4"
"LRRTM2","UNC5A"
"LRRTM2","OSCAR"
"LRRTM2","IGDCC4"
"LRRTM2","TREML2"
"LRRTM2","PRTG"
"LRRTM3","MOG"
"LRRTM3","NGFR"
"LRTM2","IL6R"
"LSAMP","NEGR1"
"LSAMP","OPCML"
"LTA","TNFRSF1A"
"LTA","TNFRSF14"
"LTA","TNFRSF1B"
"LTA","LTBR"
"LTB","LTBR"
"LTB","TNFRSF1A"
"LTB","CD40"
"LTBP1","ITGB5"
"LTBP3","ITGB5"
"LTF","LRP1"
"LTF","TFRC"
"LTF","LRP11"
"LTF","AGER"
"LTF","BTN3A3"
"LTF","IL1RL1"
"LTF","TREML2"
"LTF","TNFRSF11B"
"LTF","IGDCC4"
"LTF","BTN3A2"
"LTF","BOC"
"LUM","ITGB1"
"LVRN","VSIG8"
"LY6G5C","PGAP6"
"LY6G6F","DDR1"
"LY6G6F","CSF1R"
"LY6G6F","LILRB3"
"LY6G6F","ROBO3"
"LY6G6F","LILRA6"
"LY6G6F","LAYN"
"LY6G6F","LILRA5"
"LY86","CD180"
"LY9","TNFRSF17"
"LYPD6","IL20RA"
"LYZ","ITGAL"
"MADCAM1","ITGA4"
"MADCAM1","CD44"
"MADCAM1","ITGB7"
"MADCAM1","SIGLEC7"
"MAG","MAG"
"MANSC1","GPR55"
"MATN1","ITGA1"
"MATN1","ITGB1"
"MBL2","CD93"
"MBL2","CALCR"
"MBL2","C1QB"
"MBL2","LRP1"
"MCAM","FGFR4"
"MCAM","CD226"
"MCAM","TMEM132A"
"MCAM","CNTN1"
"MDK","PTPRB"
"MDK","NOTCH2"
"MDK","ALK"
"MDK","ITGA6"
"MDK","LRP1"
"MDK","LRP2"
"MDK","SDC3"
"MDK","TSPAN1"
"MDK","SDC4"
"MDK","SDC1"
"MDK","PTPRZ1"
"MDK","ITGB1"
"MDK","ITGA4"
"MDK","SDC2"
"MEGF10","ABCA1"
"MELTF","TFRC"
"MFAP2","NOTCH1"
"MFAP3L","MPZL2"
"MFAP3L","CEACAM1"
"MFAP5","NOTCH1"
"MFGE8","ITGB3"
"MFGE8","ITGAV"
"MFGE8","PDGFRB"
"MFGE8","ITGB5"
"MFNG","NOTCH1"
"MFNG","NOTCH2"
"MIA","CDH7"
"MIA","ITGB1"
"MIA","ITGA5"
"MIA","ITGA4"
"MICA","PCDHAC1"
"MICA","KLRK1"
"MICA","HCST"
"MICB","KLRK1"
"MICB","HCST"
"MIF","CXCR4"
"MIF","EGFR"
"MIF","ACKR3"
"MIF","CD44"
"MIF","CD74"
"MIF","CXCR2"
"MLN","MLNR"
"MMP1","CD44"
"MMP1","ITGA2"
"MMP1","F2R"
"MMP12","F12"
"MMP12","PLAUR"
"MMP13","F12"
"MMP13","LRP1"
"MMP14","MMP2"
"MMP14","F12"
"MMP14","ADAM9"
"MMP14","DDR1"
"MMP14","CD44"
"MMP14","MMP13"
"MMP14","SDC1"
"MMP15","DDR1"
"MMP16","DDR1"
"MMP16","MMP2"
"MMP2","EGFR"
"MMP2","LRP2"
"MMP2","PECAM1"
"MMP2","CCR2"
"MMP2","SDC2"
"MMP2","FGFR1"
"MMP2","F2R"
"MMP2","DDR1"
"MMP2","ITGAV"
"MMP2","ITGB3"
"MMP25","MMP2"
"MMP26","MMP9"
"MMP7","CD44"
"MMP7","SDC1"
"MMP7","CD151"
"MMP7","ERBB4"
"MMP7","ITGB4"
"MMP7","MMP1"
"MMP9","ITGAM"
"MMP9","RECK"
"MMP9","CD44"
"MMP9","ITGB2"
"MMP9","EPHB2"
"MMP9","LRP1"
"MMP9","IFNAR1"
"MMP9","TLR9"
"MMP9","DDR1"
"MMRN2","CD248"
"MMRN2","CD93"
"MMRN2","CLEC14A"
"MPDZ","F11R"
"MPDZ","CLDN8"
"MPDZ","CLDN4"
"MPDZ","CLDN1"
"MPDZ","CLDN5"
"MPIG6B","UNC5D"
"MPIG6B","IL1RL1"
"MPIG6B","UNC5A"
"MPIG6B","OSCAR"
"MPIG6B","TNFRSF21"
"MPIG6B","AGER"
"MPIG6B","BOC"
"MPIG6B","ROBO1"
"MPZ","MPZ"
"MPZ","LILRB3"
"MPZ","KIR2DL5A"
"MPZ","LILRB5"
"MPZ","LILRA6"
"MPZ","LILRA5"
"MPZ","SIGLEC6"
"MPZ","ISLR2"
"MPZ","IL6R"
"MPZL3","KIAA0319L"
"MPZL3","MPZL2"
"MSMB","GPR55"
"MSMP","CCR2"
"MSN","SLC9A1"
"MST1","MST1R"
"MSTN","ACVR2B"
"MSTN","ACVR1B"
"MSTN","ACVR2A"
"MSTN","TGFBR1"
"MUC1","SIGLEC9"
"MUC4","ERBB2"
"MUC7","SELL"
"MXRA5","MPIG6B"
"MXRA5","MFAP3L"
"MXRA5","SIGLEC1"
"MXRA5","CD200"
"MXRA5","SCN2B"
"MXRA5","AGER"
"MXRA5","MAG"
"MXRA5","SIGLEC7"
"MXRA5","ILDR1"
"MXRA5","PILRA"
"MXRA5","PILRB"
"MXRA5","AXL"
"MXRA5","CD69"
"MXRA5","SIGLEC8"
"MXRA8","JAM3"
"MYEOV","TNFRSF11A"
"MYOC","FZD1"
"MYOC","FZD10"
"MYOC","FZD3"
"MYOC","FZD4"
"MYOC","FZD7"
"NAALADL1","CD96"
"NAMPT","ADORA2A"
"NAMPT","INSR"
"NAMPT","ITGA5"
"NAMPT","ITGB1"
"NCAM1","NCAM1"
"NCAM1","NPTN"
"NCAM1","CACNA1C"
"NCAM1","GFRA1"
"NCAM1","FGFR1"
"NCAM1","FGFR2"
"NCAM1","ROBO1"
"NCAM1","PTPRZ1"
"NCAM1","ROBO3"
"NCAM1","CNTN1"
"NCAM1","ISLR2"
"NCAM1","CLEC2L"
"NCAM1","PTPRS"
"NCAM1","CLEC14A"
"NCAN","CDH2"
"NCAN","SDC3"
"NCR2","PRLR"
"NCR3LG1","NCR3"
"NDP","FZD4"
"NDP","LRP5"
"NDP","LGR4"
"NECTIN1","NECTIN1"
"NECTIN1","CD96"
"NECTIN1","CADM3"
"NECTIN1","NECTIN4"
"NECTIN1","NECTIN3"
"NECTIN1","FGFR1"
"NECTIN2","NECTIN2"
"NECTIN2","CD226"
"NECTIN2","TIGIT"
"NECTIN2","CD96"
"NECTIN2","NECTIN3"
"NECTIN2","PVRIG"
"NECTIN2","NECTIN4"
"NECTIN2","PVR"
"NECTIN3","GUCY2D"
"NECTIN3","TIGIT"
"NECTIN3","NECTIN1"
"NECTIN3","NECTIN2"
"NECTIN3","PVR"
"NECTIN3","CADM1"
"NECTIN3","CADM3"
"NECTIN4","GUCY2D"
"NECTIN4","PVR"
"NECTIN4","NECTIN1"
"NECTIN4","NECTIN2"
"NECTIN4","TIGIT"
"NEGR1","NEGR1"
"NEGR1","TNFRSF17"
"NEGR1","KIR2DS3"
"NEGR1","OPCML"
"NEGR1","NTM"
"NEGR1","IGSF9B"
"NELL2","ROBO3"
"NEO1","RGMB"
"NEO1","HJV"
"NETO2","IL18R1"
"NETO2","LILRA1"
"NETO2","LILRA3"
"NETO2","LRRC4"
"NETO2","FCRL1"
"NFASC","NRP2"
"NFASC","NRCAM"
"NFASC","CNTN1"
"NFASC","CNTNAP1"
"NGF","NTRK1"
"NGF","NGFR"
"NGF","SORT1"
"NID1","ITGB1"
"NID1","ITGB3"
"NID1","COL13A1"
"NID1","PTPRF"
"NID1","ITGA3"
"NID1","ITGAV"
"NID2","COL13A1"
"NLGN1","NRXN2"
"NLGN1","NRXN1"
"NLGN1","NRXN3"
"NLGN2","NRXN1"
"NLGN2","NRXN3"
"NLGN2","NRXN2"
"NLGN2","MDGA1"
"NLGN3","CD2"
"NLGN3","NRXN1"
"NLGN3","NRXN3"
"NLGN3","NRXN2"
"NLGN3","MDGA1"
"NLGN4X","NRXN2"
"NLGN4X","NRXN1"
"NLGN4X","NRXN3"
"NLGN4X","MDGA1"
"NLGN4Y","NRXN2"
"NLGN4Y","NRXN1"
"NLGN4Y","NRXN3"
"NMB","NMBR"
"NMB","GRPR"
"NMB","BRS3"
"NMS","NMUR1"
"NMS","NMUR2"
"NMS","ADRA2A"
"NMS","MTNR1A"
"NMS","GRM7"
"NMU","NMUR1"
"NMU","NMUR2"
"NODAL","ACVR2B"
"NODAL","TDGF1"
"NODAL","ACVR1B"
"NODAL","ACVR1C"
"NODAL","ACVR2A"
"NODAL","CFC1"
"NOG","BMPR1A"
"NOG","BMPR2"
"NOG","BMPR1B"
"NPB","NPBWR1"
"NPB","NPBWR2"
"NPB","GRM7"
"NPB","ADRA2A"
"NPB","MTNR1A"
"NPFF","MAS1"
"NPFF","NPFFR1"
"NPFF","NPFFR2"
"NPHS1","TRPC6"
"NPNT","ITGA8"
"NPNT","ITGB1"
"NPPA","NPR1"
"NPPA","NPR3"
"NPPA","NPR2"
"NPPB","NPR1"
"NPPB","NPR3"
"NPPB","NPR2"
"NPPB","DPP4"
"NPPB","FAP"
"NPPC","NPR2"
"NPPC","NPR3"
"NPPC","NPR1"
"NPS","NPSR1"
"NPS","ADCYAP1R1"
"NPS","GPR84"
"NPS","TSHR"
"NPS","RAMP3"
"NPS","RAMP2"
"NPS","ADRB2"
"NPS","PTH1R"
"NPS","VIPR1"
"NPS","ADRB3"
"NPS","GPR20"
"NPTX2","NPTXR"
"NPVF","NPFFR1"
"NPVF","NPFFR2"
"NPW","NPBWR1"
"NPW","NPBWR2"
"NPW","GRM7"
"NPW","ADRA2A"
"NPW","MTNR1A"
"NPY","NPY4R2"
"NPY","PRLHR"
"NPY","NPY1R"
"NPY","NPY2R"
"NPY","NPY4R"
"NPY","NPY5R"
"NPY","FAP"
"NPY","MC4R"
"NPY","NPFFR2"
"NRG1","ERBB2"
"NRG1","ERBB4"
"NRG1","ERBB3"
"NRG1","EGFR"
"NRG1","ITGAV"
"NRG1","ITGB3"
"NRG2","ERBB3"
"NRG2","ERBB4"
"NRG2","LRRTM2"
"NRG2","MOG"
"NRG2","MPIG6B"
"NRG2","NRP2"
"NRG2","ERBB2"
"NRG3","ERBB4"
"NRG3","EGFR"
"NRG3","ERBB3"
"NRG3","ERBB2"
"NRG4","ERBB4"
"NRG4","ERBB2"
"NRG4","EGFR"
"NRP1","FLT1"
"NRP1","TNFRSF11B"
"NRP1","PDGFRB"
"NRP1","PDGFRA"
"NRP1","KDR"
"NRP1","PLXNA1"
"NRTN","RET"
"NRTN","GFRA1"
"NRTN","GFRA2"
"NRTN","GFRA3"
"NRXN1","NLGN1"
"NRXN1","NLGN2"
"NRXN1","NLGN3"
"NRXN1","DAG1"
"NRXN1","VSTM2B"
"NRXN2","FGFR4"
"NRXN2","TNFRSF11B"
"NRXN2","DAG1"
"NRXN2","NLGN2"
"NRXN2","NLGN3"
"NRXN2","FGFRL1"
"NRXN2","SIGLEC8"
"NRXN2","IGSF21"
"NRXN2","VSTM2B"
"NRXN3","NLGN4Y"
"NRXN3","FGFR4"
"NRXN3","TNFRSF11B"
"NRXN3","NLGN2"
"NRXN3","NLGN3"
"NRXN3","DAG1"
"NRXN3","FGFRL1"
"NT5E","FCRL1"
"NTF3","NTRK3"
"NTF3","NGFR"
"NTF3","NTRK1"
"NTF3","NTRK2"
"NTF4","NTRK3"
"NTF4","NGFR"
"NTF4","NTRK1"
"NTF4","NTRK2"
"NTM","TNFRSF17"
"NTM","STAB1"
"NTM","CD79B"
"NTM","OPCML"
"NTM","NEGR1"
"NTM","AMIGO2"
"NTM","LRRN3"
"NTM","THSD7A"
"NTM","VSIG8"
"NTM","LRRC4C"
"NTN1","UNC5C"
"NTN1","UNC5D"
"NTN1","UNC5B"
"NTN1","DCC"
"NTN1","UNC5A"
"NTN1","ADORA2B"
"NTN1","NEO1"
"NTN3","NEO1"
"NTN3","CDON"
"NTN4","UNC5A"
"NTN4","DCC"
"NTNG1","CD300C"
"NTNG1","LRRC4C"
"NTNG1","SIGLEC8"
"NTNG2","LRRC4"
"NTNG2","LRRC4C"
"NTS","NTSR1"
"NTS","NTSR2"
"NTS","SORT1"
"NUCB2","ERAP1"
"NXPH1","NRXN1"
"NXPH1","NRXN3"
"NXPH1","NRXN2"
"NXPH2","NRXN1"
"NXPH3","NRXN1"
"NXPH3","NRXN3"
"NXPH3","NRXN2"
"NYX","TRPM1"
"OBP2A","OR1G1"
"OCLN","OCLN"
"OCLN","TGFBR1"
"OCLN","CLDN2"
"OCLN","TGFBR2"
"OGN","HLA-DRB1"
"OLFM2","ROBO2"
"OMG","LINGO1"
"OMG","RTN4R"
"OMG","NGFR"
"OMG","TNFRSF1B"
"OPCML","OPCML"
"OPCML","NTM"
"OPCML","NEGR1"
"ORM1","CCR5"
"OSM","OSMR"
"OSM","IL6ST"
"OSM","LIFR"
"OSTN","NPR3"
"OXT","OXTR"
"OXT","AVPR1A"
"OXT","AVPR1B"
"OXT","AVPR2"
"PAEP","PTPRC"
"PAM","FAP"
"PAM","DPP4"
"PAM","FXYD1"
"PAPLN","NECTIN4"
"PAPLN","SIRPA"
"PAPLN","CD200"
"PATJ","CLDN1"
"PCDH15","TMC2"
"PCDH15","TMC1"
"PCDHA1","ITGB1"
"PCDHA10","PCDHGA12"
"PCDHA10","ITGB1"
"PCDHA10","PCDHGC3"
"PCDHA10","PCDHGB4"
"PCDHA10","PCDHGC5"
"PCDHA10","PCDHGC4"
"PCDHA10","PCDHGB7"
"PCDHA10","PCDHGB6"
"PCDHA10","PCDHGB5"
"PCDHA10","PCDHGB3"
"PCDHA10","PCDHGB2"
"PCDHA10","PCDHGB1"
"PCDHA10","PCDHGA9"
"PCDHA10","PCDHGA8"
"PCDHA10","PCDHGA7"
"PCDHA10","PCDHGA6"
"PCDHA10","PCDHGA5"
"PCDHA10","PCDHGA4"
"PCDHA10","PCDHGA3"
"PCDHA10","PCDHGA2"
"PCDHA10","PCDHGA11"
"PCDHA10","PCDHGA10"
"PCDHA10","PCDHGA1"
"PCDHA11","ITGB1"
"PCDHA12","ITGB1"
"PCDHA13","ITGB1"
"PCDHA2","PCDHGA12"
"PCDHA2","ITGB1"
"PCDHA2","PCDHGC3"
"PCDHA2","PCDHGB4"
"PCDHA2","PCDHGC5"
"PCDHA2","PCDHGC4"
"PCDHA2","PCDHGB7"
"PCDHA2","PCDHGB6"
"PCDHA2","PCDHGB5"
"PCDHA2","PCDHGB3"
"PCDHA2","PCDHGB2"
"PCDHA2","PCDHGB1"
"PCDHA2","PCDHGA9"
"PCDHA2","PCDHGA8"
"PCDHA2","PCDHGA7"
"PCDHA2","PCDHGA6"
"PCDHA2","PCDHGA5"
"PCDHA2","PCDHGA4"
"PCDHA2","PCDHGA3"
"PCDHA2","PCDHGA2"
"PCDHA2","PCDHGA11"
"PCDHA2","PCDHGA10"
"PCDHA2","PCDHGA1"
"PCDHA3","ITGB1"
"PCDHA4","ITGB1"
"PCDHA5","ITGB1"
"PCDHA6","ITGB1"
"PCDHA7","ITGB1"
"PCDHA8","ITGB1"
"PCDHA9","ITGB1"
"PCDHB3","IGSF11"
"PCDHGB6","IL4R"
"PCDHGB6","PLXDC1"
"PCSK9","VLDLR"
"PCSK9","LDLR"
"PCSK9","LRP1"
"PCSK9","SORT1"
"PCSK9","APLP2"
"PCSK9","CD36"
"PCSK9","LRP8"
"PCSK9","CD81"
"PDCD1LG2","CEACAM4"
"PDCD1LG2","TNFRSF11A"
"PDCD1LG2","PDCD1"
"PDCD1LG2","RGMB"
"PDGFA","PDGFRA"
"PDGFA","PDGFRB"
"PDGFA","FURIN"
"PDGFB","PDGFRA"
"PDGFB","PDGFRB"
"PDGFB","LRP1"
"PDGFC","FLT4"
"PDGFC","KDR"
"PDGFC","PDGFRA"
"PDGFC","PDGFRB"
"PDGFC","FLT1"
"PDGFD","PDGFRB"
"PDGFD","PDGFRA"
"PDPN","CLEC1B"
"PDYN","OPRD1"
"PDYN","OPRK1"
"PDYN","OPRM1"
"PECAM1","PECAM1"
"PECAM1","CD38"
"PECAM1","ITGAV"
"PECAM1","ITGB3"
"PENK","MRGPRX3"
"PENK","OGFR"
"PENK","OPRD1"
"PENK","MRGPRX1"
"PENK","OPRM1"
"PENK","OPRK1"
"PENK","OPRL1"
"PENK","GRM7"
"PENK","ADRA2A"
"PENK","MTNR1A"
"PENK","MRGPRX4"
"PF4","CXCR3"
"PF4","FGFR2"
"PF4","SDC2"
"PF4","ACKR1"
"PF4","LDLR"
"PF4","THBD"
"PF4","PROCR"
"PF4V1","CXCR3"
"PGF","NRP1"
"PGF","NRP2"
"PGF","FLT1"
"PGF","KDR"
"PGLYRP1","TREM1"
"PI16","MFAP3L"
"PI16","TNFRSF21"
"PIGA","PIGR"
"PIP","AQP5"
"PIP","CD4"
"PIP","NPTN"
"PLA2G10","PLA2R1"
"PLA2G2A","ITGA4"
"PLA2G2A","ITGA5"
"PLA2G2A","ITGAV"
"PLA2G2A","ITGB1"
"PLA2G2A","ITGB3"
"PLA2G2A","ERBB3"
"PLA2G2A","EGFR"
"PLAT","ITGAM"
"PLAT","LRP1"
"PLAT","ITGB2"
"PLAU","PLAUR"
"PLAU","LRP1"
"PLAU","LRP2"
"PLAU","ST14"
"PLAU","IGF2R"
"PLB1","IGDCC4"
"PLEKHO2","PDGFRB"
"PLG","PLAT"
"PLG","F2R"
"PLG","ITGB1"
"PLG","F3"
"PLG","PLGRKT"
"PLG","ITGA9"
"PLG","F2RL1"
"PLG","PLAU"
"PLTP","ABCA1"
"PLTP","APOA1"
"PLXNA1","NOTCH1"
"PLXNA1","TREM2"
"PLXNA1","TYROBP"
"PLXNA2","SEMA6A"
"PMCH","MCHR1"
"PMCH","MCHR2"
"PMCH","MERTK"
"PNOC","OPRL1"
"PODXL","SELL"
"PODXL2","SELL"
"POMC","OPRD1"
"POMC","OPRK1"
"POMC","MC1R"
"POMC","MC3R"
"POMC","MC4R"
"POMC","MC5R"
"POMC","OPRM1"
"POMC","MC2R"
"POMZP3","MERTK"
"POSTN","PTK7"
"POSTN","ITGAV"
"POSTN","ITGB3"
"POSTN","ITGB5"
"PPBP","CXCR2"
"PPBP","OPRM1"
"PPBP","OPRD1"
"PPBP","CXCR1"
"PPBP","ACKR1"
"PPBP","MTNR1A"
"PPBP","GRM7"
"PPBP","ADRA2A"
"PPY","NPFFR1"
"PPY","NPFFR2"
"PPY","NPY4R2"
"PPY","NPY4R"
"PPY","NPY5R"
"PPY","ADRA2A"
"PPY","MTNR1A"
"PPY","NPY2R"
"PPY","GRM7"
"PPY","NPY1R"
"PRG4","CD44"
"PRG4","TLR2"
"PRG4","TLR4"
"PRL","PRLR"
"PRL","ERBB2"
"PRLH","PRLHR"
"PRND","RPSA"
"PRND","RPSAP58"
"PRNP","TNFRSF25"
"PRNP","NCAM1"
"PROC","F7"
"PROC","F5"
"PROC","ITGAM"
"PROC","ITGB2"
"PROC","THBD"
"PROC","PROCR"
"PROC","TEK"
"PROC","F8"
"PROK1","PROKR1"
"PROK1","PROKR2"
"PROK2","PROKR1"
"PROK2","PROKR2"
"PROS1","AXL"
"PROS1","TYRO3"
"PROS1","MERTK"
"PROS1","F5"
"PROS1","PROC"
"PROS1","F8"
"PRRG4","CADM4"
"PRSS1","F2RL1"
"PRSS1","F2R"
"PRSS1","F2RL2"
"PRSS1","F2RL3"
"PRSS2","F2RL1"
"PRSS2","F2R"
"PRSS2","F2RL2"
"PRSS2","F2RL3"
"PRSS3","F2RL1"
"PRSS3","F2R"
"PRSS3","F2RL2"
"PRSS3","F2RL3"
"PRSS55","LRRC4"
"PSAP","GPR37"
"PSAP","GPR37L1"
"PSAP","LRP1"
"PSAP","SORT1"
"PSAP","CD1B"
"PSAP","CELSR1"
"PSEN1","CDH1"
"PSEN1","NCSTN"
"PSEN1","NOTCH1"
"PSEN1","NOTCH4"
"PSEN1","NOTCH2"
"PSEN1","NOTCH3"
"PSEN1","PSEN1"
"PSG4","DSCAM"
"PSG5","PDGFRA"
"PSG5","TNFRSF12A"
"PSG6","DSCAM"
"PSG7","FGFR4"
"PSG7","DSCAM"
"PSG7","DCC"
"PSG7","CLEC4A"
"PSG9","DSCAM"
"PSG9","FGFR4"
"PSG9","AXL"
"PSG9","DCC"
"PSPN","GFRA4"
"PSPN","GFRA3"
"PSPN","RET"
"PSPN","SDC3"
"PSPN","GFRA2"
"PSPN","GFRA1"
"PTDSS1","JMJD6"
"PTDSS1","SCARB1"
"PTGFRN","TMEM59L"
"PTGFRN","SGCG"
"PTGS2","PTGDR2"
"PTH","PTH1R"
"PTH","PTH2R"
"PTH","ADCYAP1R1"
"PTH","ADRB2"
"PTH","GPR84"
"PTH","VIPR1"
"PTH","GPR20"
"PTH","ADRB3"
"PTH","TSHR"
"PTH","RAMP3"
"PTH","RAMP2"
"PTH","LRP6"
"PTH2","PTH1R"
"PTH2","PTH2R"
"PTH2","ADCYAP1R1"
"PTH2","TSHR"
"PTH2","GPR20"
"PTH2","GPR84"
"PTH2","ADRB2"
"PTH2","ADRB3"
"PTH2","VIPR1"
"PTH2","RAMP3"
"PTH2","RAMP2"
"PTHLH","PRLHR"
"PTHLH","PTH1R"
"PTHLH","PTH2R"
"PTHLH","ADCYAP1R1"
"PTHLH","GPR84"
"PTHLH","RAMP3"
"PTHLH","RAMP2"
"PTHLH","ADRB2"
"PTHLH","VIPR1"
"PTHLH","ADRB3"
"PTHLH","GPR20"
"PTHLH","TSHR"
"PTN","ALK"
"PTN","SDC1"
"PTN","SDC3"
"PTN","PTPRZ1"
"PTN","PTPRS"
"PTN","PTPRB"
"PTN","SDC2"
"PTN","SDC4"
"PTN","PLXNB2"
"PTN","CDH10"
"PTN","ITGAV"
"PTN","ITGB3"
"PTPRC","CD22"
"PTPRC","MRC1"
"PTPRC","DPP4"
"PTPRC","CD247"
"PTPRC","CD4"
"PTPRK","EGFR"
"PTPRM","PTPRM"
"PTPRM","CDH1"
"PTPRM","SIGLEC10"
"PTPRZ1","ALK"
"PTPRZ1","CNTN1"
"PTPRZ1","NCAM1"
"PTPRZ1","NTRK1"
"PVR","CD226"
"PVR","TIGIT"
"PVR","CD96"
"PVR","PVRIG"
"PVR","NECTIN3"
"PVR","KIR2DL5A"
"PVR","NECTIN4"
"PYY","NPY4R2"
"PYY","NPY1R"
"PYY","NPY2R"
"PYY","NPY4R"
"PYY","NPY5R"
"PYY","DPP4"
"PYY","FAP"
"PZP","MMP2"
"PZP","MMP9"
"QRFP","QRFPR"
"QRFP","P2RY14"
"RAET1E","KLRK1"
"RAET1E","HCST"
"RAET1G","KLRK1"
"RAET1G","HCST"
"RARRES1","NRP2"
"RARRES2","CMKLR2"
"RARRES2","CMKLR1"
"RARRES2","GPR1"
"RARRES2","CCRL2"
"RBP3","NOTCH1"
"RBP4","STRA6"
"RECK","MMP9"
"RECK","TIGIT"
"RELN","ITGB1"
"RELN","VLDLR"
"RELN","ITGA3"
"RELN","LRP8"
"REN","ATP6AP2"
"RET","GFRA1"
"RET","GFRA2"
"RET","GFRA3"
"RET","GFRA4"
"RETN","GPR25"
"RETN","TLR4"
"RGMA","HJV"
"RGMA","NEO1"
"RGMA","BMPR2"
"RGMA","BMPR1B"
"RGMA","TFR2"
"RLN1","RXFP1"
"RLN1","RXFP2"
"RLN2","RXFP1"
"RLN2","RXFP2"
"RLN2","RXFP3"
"RLN3","RXFP1"
"RLN3","RXFP2"
"RLN3","RXFP3"
"RLN3","RXFP4"
"ROBO1","NCAM1"
"RPS19","C5AR1"
"RSPO1","LGR4"
"RSPO1","LGR5"
"RSPO1","LGR6"
"RSPO1","FZD8"
"RSPO1","LRP6"
"RSPO1","RNF43"
"RSPO2","LGR4"
"RSPO2","LGR5"
"RSPO2","LGR6"
"RSPO2","SDC4"
"RSPO2","FZD4"
"RSPO2","RNF43"
"RSPO3","LGR4"
"RSPO3","LGR5"
"RSPO3","LGR6"
"RSPO3","SDC4"
"RSPO3","FZD8"
"RSPO3","LRP6"
"RSPO3","RNF43"
"RSPO4","LGR4"
"RSPO4","LGR5"
"RSPO4","LGR6"
"RSPO4","RNF43"
"RSPO4","LRP5"
"RSPO4","LRP6"
"RTN4","LINGO1"
"RTN4","TNFRSF19"
"RTN4","GJB2"
"RTN4","RTN4R"
"RTN4","NGFR"
"RTN4","CNTNAP1"
"RTN4","S1PR2"
"RTN4","CNTN1"
"S100A10","TRPV5"
"S100A10","TRPV6"
"S100A10","CFTR"
"S100A10","HTR1B"
"S100A12","TLR4"
"S100A12","CD36"
"S100A4","ERBB2"
"S100A4","EGFR"
"S100A4","CCR5"
"S100A4","ERBB3"
"S100A8","TLR4"
"S100A8","AGER"
"S100A8","ITGB2"
"S100A8","CD36"
"S100A8","CD69"
"S100A8","CD68"
"S100A9","TLR4"
"S100A9","AGER"
"S100A9","ITGB2"
"S100A9","CD36"
"S100A9","CD68"
"S100A9","ALCAM"
"S100B","ALCAM"
"S100B","AGER"
"SAA1","FPR2"
"SAA1","FPR1"
"SAA1","TLR2"
"SAA1","SCARB1"
"SAA1","ADRA2A"
"SAA1","MTNR1A"
"SAA1","GRM7"
"SAA1","CD36"
"SARAF","DAG1"
"SCGB1A1","LRP2"
"SCGB1A1","LMBR1L"
"SCGB3A1","MARCO"
"SCGB3A1","NOTCH3"
"SCGB3A2","MARCO"
"SCT","SCTR"
"SCT","PTH1R"
"SCT","ADCYAP1R1"
"SCT","RAMP2"
"SCT","VIPR1"
"SCT","RAMP3"
"SCT","GPR20"
"SCT","ADRB2"
"SCT","VIPR2"
"SCT","ADRB3"
"SCT","TSHR"
"SCT","GPR84"
"SCUBE2","KDR"
"SDC2","PTPRJ"
"SDC2","EZR"
"SDC4","ADAM12"
"SDK2","CADM4"
"SDK2","CLEC4A"
"SECTM1","CD7"
"SELE","SELPLG"
"SELE","CEACAM1"
"SELE","CD44"
"SELE","GLG1"
"SELL","MADCAM1"
"SELL","SELPLG"
"SELL","PODXL"
"SELL","UNC5D"
"SELP","SELPLG"
"SELPLG","SELP"
"SELPLG","SELE"
"SELPLG","SELL"
"SEMA3A","NRP1"
"SEMA3A","PLXNA1"
"SEMA3A","NRP2"
"SEMA3A","PLXNA2"
"SEMA3A","PLXNA3"
"SEMA3A","PLXNA4"
"SEMA3B","NRP1"
"SEMA3B","NRP2"
"SEMA3B","PLXNA1"
"SEMA3B","PLXNA2"
"SEMA3B","PLXNA3"
"SEMA3B","PLXNA4"
"SEMA3C","NRP2"
"SEMA3C","PLXND1"
"SEMA3C","NRP1"
"SEMA3C","PLXNA1"
"SEMA3C","PLXNA2"
"SEMA3C","PLXNA3"
"SEMA3C","PLXNA4"
"SEMA3D","PLXND1"
"SEMA3D","NRP1"
"SEMA3D","PLXNA4"
"SEMA3D","PLXNA1"
"SEMA3D","PLXNA2"
"SEMA3D","PLXNA3"
"SEMA3D","NRP2"
"SEMA3E","PLXND1"
"SEMA3E","NRP1"
"SEMA3E","NRP2"
"SEMA3F","NRP2"
"SEMA3F","PLXNA3"
"SEMA3F","NRP1"
"SEMA3F","PLXNA1"
"SEMA3F","PLXNA2"
"SEMA3F","PLXNA4"
"SEMA3G","NRP2"
"SEMA3G","GP6"
"SEMA3G","FCGR2A"
"SEMA3G","LILRA3"
"SEMA3G","PLXNA1"
"SEMA3G","PLXNA2"
"SEMA3G","PLXNA3"
"SEMA3G","PLXNA4"
"SEMA4A","PLXNB1"
"SEMA4A","PLXNB2"
"SEMA4A","PLXNB3"
"SEMA4A","PLXND1"
"SEMA4A","PLXNA1"
"SEMA4A","PLXNA2"
"SEMA4A","PLXNA3"
"SEMA4A","NRP1"
"SEMA4A","PLXNA4"
"SEMA4B","PLXNB1"
"SEMA4B","DCBLD2"
"SEMA4B","PLXNB2"
"SEMA4C","PLXNB2"
"SEMA4C","PLXNB1"
"SEMA4D","PLXNB1"
"SEMA4D","PLXNB2"
"SEMA4D","CD72"
"SEMA4D","ERBB2"
"SEMA4D","MET"
"SEMA4D","PLXNB3"
"SEMA4F","NRP2"
"SEMA4F","VSIR"
"SEMA4G","PLXNB1"
"SEMA4G","PLXNB3"
"SEMA4G","PLXNB2"
"SEMA5A","PLXNB3"
"SEMA5A","MET"
"SEMA5A","PLXNA1"
"SEMA5A","PLXNA3"
"SEMA5A","PLXNA2"
"SEMA5B","PLXNA1"
"SEMA5B","PLXNA3"
"SEMA6A","PLXNA4"
"SEMA6A","PLXNA2"
"SEMA6B","PLXNA2"
"SEMA6B","PLXNA4"
"SEMA6C","PLXNA1"
"SEMA6D","TREM2"
"SEMA6D","PLXNA1"
"SEMA6D","TYROBP"
"SEMA6D","KDR"
"SEMA6D","PLXNC1"
"SEMA6D","PLXNA4"
"SEMA7A","PLXNC1"
"SEMA7A","UNC5D"
"SEMA7A","ITGA1"
"SEMA7A","ITGB1"
"SERPINA1","F12"
"SERPINA1","LRP1"
"SERPINA5","PROC"
"SERPINA5","KLK3"
"SERPINA5","THBD"
"SERPINC1","F9"
"SERPINC1","F10"
"SERPINC1","F12"
"SERPINC1","F11"
"SERPINC1","LRP1"
"SERPINC1","GPC1"
"SERPINC1","SDC2"
"SERPINE1","F12"
"SERPINE1","LRP2"
"SERPINE1","PLAUR"
"SERPINE1","ITGAV"
"SERPINE1","LRP1"
"SERPINE1","ITGB5"
"SERPINE1","PLAU"
"SERPINE1","PLAT"
"SERPINE2","LRP1"
"SERPINF1","PLXDC1"
"SERPINF1","PLXDC2"
"SERPINF1","LRP6"
"SERPING1","F12"
"SERPING1","SELE"
"SERPING1","SELP"
"SERPING1","LRP1"
"SERPING1","C1R"
"SFRP1","FZD2"
"SFRP1","FZD6"
"SFRP2","FZD5"
"SFTPA1","TLR2"
"SFTPA2","CD93"
"SFTPD","SIRPA"
"SFTPD","TLR4"
"SFTPD","LAIR1"
"SHBG","CLDN4"
"SHBG","GPRC6A"
"SHBG","SLC37A1"
"SHH","PTCH1"
"SHH","PTCH2"
"SHH","HHIP"
"SHH","LRP2"
"SHH","BOC"
"SHH","CDON"
"SHH","SMO"
"SHISA4","FCGRT"
"SI","PDGFRA"
"SI","PDGFRB"
"SI","ITGAV"
"SI","LRP1"
"SI","S1PR1"
"SIGLEC1","CD47"
"SIGLEC1","SPN"
"SIGLEC1","PTPRC"
"SIGLEC12","IL1RAPL1"
"SIGLEC14","CD33"
"SIGLEC14","IFNGR1"
"SIGLEC15","FGFR4"
"SIGLEC15","UNC5D"
"SIGLEC15","SIGLEC10"
"SIGLEC15","LRRC4C"
"SIGLEC15","CD33"
"SIGLEC15","MAG"
"SIGLEC15","SIGLEC14"
"SIGLEC5","SIGLEC14"
"SIGLEC5","IFNGR1"
"SIGLEC5","SIGLEC1"
"SIGLEC5","CD33"
"SIGLEC6","CD4"
"SIGLEC6","KIR2DL4"
"SIGLEC6","NCR1"
"SIGLEC7","NTRK3"
"SIGLEC7","PTPRO"
"SIGLEC7","NRP2"
"SIGLEC7","NCR1"
"SIGLEC7","TNFRSF11B"
"SIGLEC7","TIMD4"
"SIGLEC7","SIGLEC8"
"SIGLEC7","CD33"
"SIGLEC7","CD320"
"SIGLEC7","LRP12"
"SIGLEC7","SIGLEC10"
"SIGLEC7","CD4"
"SIGLEC7","BOC"
"SIGLEC7","PCDHAC1"
"SIGLEC7","LRRC4C"
"SIGLEC8","IL4R"
"SIGLEC8","NTRK3"
"SIGLEC8","PTPRO"
"SIGLEC8","NCR1"
"SIGLEC8","SIGLEC8"
"SIGLEC8","TEX101"
"SIGLEC8","CD6"
"SIGLEC8","NRXN2"
"SIGLEC8","NTNG1"
"SIGLEC8","SIGLEC9"
"SIGLEC8","SIGLEC14"
"SIGLEC8","KIAA0319L"
"SIGLEC8","CD33"
"SIGLEC8","LRFN2"
"SIGLEC8","MAG"
"SIGLEC8","LRRC4C"
"SIGLEC8","SIGLEC10"
"SIGLEC8","PCDHGA7"
"SIGLEC9","MUC1"
"SIGLEC9","SIGLEC7"
"SIGLEC9","BOC"
"SIGLEC9","ADGRA2"
"SIGLEC9","SIGLEC10"
"SIGLEC9","IL1RL1"
"SIGLEC9","IFNGR1"
"SIGLEC9","SIGLEC15"
"SIGLEC9","CD33"
"SIGLEC9","MAG"
"SIGLEC9","TNFRSF11B"
"SIRPA","CD69"
"SIRPA","LRPAP1"
"SIRPA","CHL1"
"SIRPA","CD47"
"SIRPA","TIGIT"
"SIRPB2","CD47"
"SIRPG","PTPRD"
"SIRPG","CD47"
"SLAMF6","HAVCR1"
"SLAMF7","SLAMF7"
"SLC6A8","LIFR"
"SLIT1","GPC1"
"SLIT1","ROBO2"
"SLIT1","ROBO1"
"SLIT1","FLRT3"
"SLIT1","SDC1"
"SLIT2","GPC1"
"SLIT2","ROBO4"
"SLIT2","SDC1"
"SLIT2","ROBO2"
"SLIT2","ROBO1"
"SLIT3","ROBO2"
"SLIT3","ROBO1"
"SLIT3","ROBO4"
"SLITRK1","ENPEP"
"SLITRK1","PTPRD"
"SLITRK1","PTPRS"
"SLITRK1","TNFRSF11B"
"SLITRK2","PTPRD"
"SLITRK2","PTPRS"
"SLITRK3","PTPRD"
"SLITRK3","PTPRS"
"SLITRK4","PTPRD"
"SLITRK4","PTPRS"
"SLITRK5","PTPRD"
"SLITRK6","PTPRD"
"SLITRK6","PTPRS"
"SLPI","PLSCR4"
"SLPI","CD4"
"SLURP1","CHRNA7"
"SLURP1","CHRNB2"
"SLURP1","CHRNB4"
"SLURP1","CHRNA3"
"SLURP1","CHRNA4"
"SLURP1","CHRNA9"
"SLURP1","CHRNA10"
"SLURP2","CHRNB2"
"SLURP2","CHRNB4"
"SLURP2","CHRNA3"
"SLURP2","CHRNA4"
"SLURP2","CHRNA7"
"SNX14","HTR6"
"SORL1","CNTFR"
"SOST","LRP6"
"SOST","LRP5"
"SOST","LRP4"
"SOSTDC1","LRP6"
"SOSTDC1","LRP4"
"SOSTDC1","LRP5"
"SPAG11B","GPR55"
"SPARC","ENG"
"SPARC","FGFR1"
"SPINK1","NRSN1"
"SPINK1","EGFR"
"SPINT1","ST14"
"SPN","SIGLEC1"
"SPON1","APP"
"SPON1","LRP8"
"SPON2","ITGB2"
"SPON2","ITGAM"
"SPON2","ITGA4"
"SPON2","ITGA5"
"SPON2","ITGB1"
"SPP1","CD44"
"SPP1","S1PR1"
"SPP1","ITGA9"
"SPP1","ITGB1"
"SPP1","ITGAV"
"SPP1","ITGB3"
"SPP1","ITGB5"
"SPP1","ITGA4"
"SPP1","ITGA8"
"SPP1","ITGA5"
"SPP1","ITGB6"
"SPX","GALR2"
"SPX","GALR3"
"SST","SSTR1"
"SST","SSTR2"
"SST","SSTR3"
"SST","SSTR4"
"SST","SSTR5"
"ST14","PLAU"
"ST14","BTN3A1"
"ST6GAL1","CD22"
"ST6GAL1","EGFR"
"STX1A","CACNA1D"
"STX1A","CACNA1B"
"SYT1","CACNA1C"
"SYT1","CACNA1E"
"SYT1","STX3"
"SYT1","SV2B"
"SYT1","STX1A"
"TAC1","TACR1"
"TAC1","TACR2"
"TAC1","TACR3"
"TAC3","TACR1"
"TAC3","TACR2"
"TAC3","TACR3"
"TAC4","TACR2"
"TAC4","TACR3"
"TAC4","TACR1"
"TAFA4","FPR1"
"TARM1","ROBO4"
"TARM1","OSCAR"
"TCN1","CD320"
"TCN2","LRP2"
"TCN2","CNR1"
"TCTN1","TMEM67"
"TCTN1","TMEM216"
"TCTN1","TCTN3"
"TCTN1","TCTN2"
"TCTN3","FCRL1"
"TDGF1","LRP5"
"TDGF1","LRP6"
"TDGF1","ACVR2A"
"TDGF1","ACVR1B"
"TDGF1","ACVR2B"
"TDGF1","ACVR1C"
"TDGF1","GPC1"
"TDGF1P3","ACVR2A"
"TECTB","CEACAM8"
"TEX101","SIGLEC8"
"TF","TFR2"
"TF","TFRC"
"TFF1","MUC5AC"
"TFF1","FCRL4"
"TFF2","CXCR4"
"TFPI","VLDLR"
"TFPI","LRP1"
"TFPI","SDC4"
"TFPI","F3"
"TFPI","F10"
"TG","TPO"
"TG","ASGR1"
"TG","LRP2"
"TGFA","EGFR"
"TGFA","ADAM17"
"TGFA","ERBB4"
"TGFA","ERBB3"
"TGFA","ERBB2"
"TGFA","PTPRD"
"TGFB1","APP"
"TGFB1","TGFBR2"
"TGFB1","TGFBR3"
"TGFB1","TGFBR1"
"TGFB1","ITGB8"
"TGFB1","ITGB6"
"TGFB1","ENG"
"TGFB1","ITGB3"
"TGFB1","ACVRL1"
"TGFB1","ITGAV"
"TGFB1","ITGB1"
"TGFB1","SDC2"
"TGFB1","PDGFRA"
"TGFB2","TGFBR2"
"TGFB2","TGFBR1"
"TGFB2","TGFBR3"
"TGFB2","ENG"
"TGFB2","ACVR1"
"TGFB2","ACVR1B"
"TGFB2","ACVR1C"
"TGFB3","TGFBR2"
"TGFB3","TGFBR1"
"TGFB3","TGFBR3"
"TGFB3","ENG"
"TGFB3","ITGB3"
"TGFB3","ACVRL1"
"TGFB3","ITGB6"
"TGFB3","ACVR1C"
"TGFBI","ITGA7"
"TGFBI","ITGA1"
"TGFBI","ITGA3"
"TGFBI","ITGB1"
"TGFBI","ITGA4"
"TGFBI","ITGA5"
"TGFBI","ITGA6"
"TGFBI","ITGB4"
"TGFBI","ITGAV"
"TGFBI","ITGB3"
"TGFBI","ITGB5"
"TGM2","TRPV5"
"TGM2","ITGA4"
"TGM2","ITGB1"
"TGM2","ITGB3"
"TGM2","SDC4"
"TGM2","TBXA2R"
"TGM2","ADGRG1"
"TGM2","ITGA9"
"TGOLN2","BTN3A1"
"THBS1","ITGA4"
"THBS1","CD47"
"THBS1","SDC1"
"THBS1","ITGB1"
"THBS1","LRP5"
"THBS1","ITGA2B"
"THBS1","ITGB3"
"THBS1","SDC4"
"THBS1","ITGA6"
"THBS1","TNFRSF11B"
"THBS1","CD36"
"THBS1","ITGA3"
"THBS1","LRP1"
"THBS2","CD47"
"THBS2","ITGA4"
"THBS2","ITGB1"
"THBS2","ITGB3"
"THBS2","NOTCH4"
"THBS2","ITGA6"
"THBS2","CD36"
"THBS2","NOTCH3"
"THBS2","SDC1"
"THBS2","LRP4"
"THBS2","LRP2"
"THBS2","ITGA3"
"THBS4","SDC1"
"THBS4","SDC4"
"THBS4","CD36"
"THBS4","CD47"
"THBS4","ITGA3"
"THBS4","ITGB1"
"THBS4","ITGAV"
"THBS4","ITGB3"
"THPO","MPL"
"THY1","CNTN1"
"THY1","ITGAM"
"THY1","ITGAX"
"THY1","ITGB2"
"THY1","ITGAV"
"THY1","ITGB3"
"TIGIT","RECK"
"TIGIT","NECTIN3"
"TIGIT","NECTIN4"
"TIGIT","SIRPA"
"TIGIT","PVR"
"TIGIT","NECTIN2"
"TIMD4","SIGLEC7"
"TIMD4","HAVCR1"
"TIMP1","FGFR2"
"TIMP1","CD63"
"TIMP1","MMP1"
"TIMP1","MMP9"
"TIMP1","MMP2"
"TIMP2","LRP2"
"TIMP2","CD44"
"TIMP2","ITGB1"
"TIMP2","ITGA3"
"TIMP2","MMP2"
"TIMP3","MMP14"
"TIMP3","CD44"
"TIMP3","MET"
"TIMP3","AGTR2"
"TIMP3","KDR"
"TIMP3","ADAM17"
"TIMP3","DDR1"
"TIMP3","MMP2"
"TIMP3","ADAMTS4"
"TIMP3","MMP9"
"TMEM190","IGSF11"
"TMPRSS6","HJV"
"TNC","ITGB3"
"TNC","ITGB6"
"TNC","SDC1"
"TNC","ITGA5"
"TNC","EGFR"
"TNC","PTPRB"
"TNC","ITGA7"
"TNC","ITGB1"
"TNC","CNTN1"
"TNC","ITGAV"
"TNC","PTPRZ1"
"TNC","ITGA8"
"TNC","ITGA9"
"TNF","LTBR"
"TNF","TNFRSF1B"
"TNF","TNFRSF1A"
"TNF","TNFRSF21"
"TNF","TRAF2"
"TNFRSF14","FCAR"
"TNFRSF14","BTLA"
"TNFRSF14","CD160"
"TNFRSF14","LRFN5"
"TNFRSF14","TRAF2"
"TNFSF10","TNFRSF10C"
"TNFSF10","TNFRSF10D"
"TNFSF10","TNFRSF10B"
"TNFSF10","TNFRSF10A"
"TNFSF10","TNFRSF11B"
"TNFSF11","TNFRSF11A"
"TNFSF11","TNFRSF11B"
"TNFSF12","TNFRSF12A"
"TNFSF12","TNFRSF25"
"TNFSF12","TNFRSF8"
"TNFSF12","CD163"
"TNFSF13","TNFRSF17"
"TNFSF13","TNFRSF13B"
"TNFSF13","TNFRSF14"
"TNFSF13","FAS"
"TNFSF13","TNFRSF1A"
"TNFSF13","TNFRSF11B"
"TNFSF13","SDC2"
"TNFSF13B","TNFRSF13C"
"TNFSF13B","TNFRSF17"
"TNFSF13B","TNFRSF13B"
"TNFSF14","LTBR"
"TNFSF14","TNFRSF14"
"TNFSF14","TNFRSF6B"
"TNFSF15","TNFRSF25"
"TNFSF15","TNFRSF6B"
"TNFSF18","TNFRSF18"
"TNFSF4","TNFRSF4"
"TNFSF4","TRAF2"
"TNFSF8","TNFRSF8"
"TNFSF9","TNFRSF9"
"TNFSF9","PVR"
"TNFSF9","TRAF2"
"TNFSF9","FCRL1"
"TNN","SDC1"
"TNN","SDC4"
"TNN","ITGA8"
"TNN","ITGB1"
"TNN","ITGA9"
"TNN","ITGAV"
"TNN","ITGB3"
"TNN","ITGA2B"
"TNN","ITGB6"
"TNR","SDC1"
"TNR","SDC4"
"TNR","ITGA8"
"TNR","ITGB1"
"TNR","ITGA9"
"TNR","ITGAV"
"TNR","ITGB3"
"TNR","ITGA2B"
"TNR","ITGB6"
"TNXB","SDC1"
"TNXB","SDC4"
"TNXB","ITGA8"
"TNXB","ITGB1"
"TNXB","ITGA9"
"TNXB","ITGAV"
"TNXB","ITGB3"
"TNXB","ITGA2B"
"TNXB","ITGB6"
"TPH1","HTR1A"
"TPH1","HTR1B"
"TPH1","HTR1D"
"TPH1","HTR1F"
"TPH1","HTR2A"
"TPH1","HTR2B"
"TPH1","HTR2C"
"TPH1","HTR4"
"TPH1","HTR5A"
"TPH1","HTR6"
"TPH1","HTR7"
"TPH1","HTR1E"
"TPO","MPL"
"TPSAB1","F2RL1"
"TPSB2","F2RL1"
"TPSG1","SIRPA"
"TRAF2","TNFRSF1B"
"TRAF2","MAP4K2"
"TREML1","KIR3DL1"
"TREML4","SIGLEC8"
"TRH","TRHR"
"TSHB","TSHR"
"TSHB","PTH1R"
"TSHB","ADCYAP1R1"
"TSHB","VIPR1"
"TSHB","GPR20"
"TSHB","ADRB2"
"TSHB","ADRB3"
"TSHB","GPR84"
"TSHB","RAMP3"
"TSHB","RAMP2"
"TSLP","CRLF2"
"TSLP","IL7R"
"TSPAN3","ADAM10"
"TSPAN3","CLDN11"
"TSPAN33","ADAM10"
"TSPAN33","CLDN11"
"TSPAN5","TSPAN13"
"TTR","NGFR"
"TTR","APOA1"
"TYROBP","TREM1"
"TYROBP","KLRD1"
"UCN","LINC02210-CRHR1"
"UCN","CRHR1"
"UCN","CRHR2"
"UCN2","LINC02210-CRHR1"
"UCN2","CRHR1"
"UCN2","CRHR2"
"UCN2","IL10RB"
"UCN3","CRHR2"
"UCN3","CRHR1"
"UCN3","IL10RB"
"ULBP2","KLRK1"
"ULBP2","HCST"
"ULBP3","F3"
"ULBP3","F11R"
"ULBP3","KLRK1"
"ULBP3","HCST"
"UTS2","UTS2R"
"UTS2B","UTS2R"
"UTS2B","SSTR5"
"UXS1","CEACAM6"
"VCAM1","ITGA4"
"VCAM1","ITGB1"
"VCAM1","ITGB2"
"VCAM1","EZR"
"VCAM1","MSN"
"VCAM1","ITGAD"
"VCAM1","ITGA9"
"VCAM1","ITGB7"
"VCAN","CD44"
"VCAN","ITGA4"
"VCAN","EGFR"
"VCAN","ITGB1"
"VCAN","SELL"
"VCAN","TLR2"
"VCAN","SELP"
"VCAN","SELPLG"
"VEGFA","FLT1"
"VEGFA","KDR"
"VEGFA","NRP1"
"VEGFA","NRP2"
"VEGFA","GPC1"
"VEGFB","FLT1"
"VEGFB","NRP1"
"VEGFB","RET"
"VEGFB","KDR"
"VEGFC","FLT4"
"VEGFC","KDR"
"VEGFC","NRP2"
"VEGFC","VIPR2"
"VEGFD","FLT4"
"VEGFD","KDR"
"VEGFD","ITGA4"
"VEGFD","ITGB1"
"VEGFD","NRP2"
"VEGFD","ITGA9"
"VEGFD","FLT1"
"VEGFD","ITGA1"
"VEGFD","ITGA5"
"VEGFD","ITGA2"
"VGF","NTRK1"
"VIP","ADCYAP1R1"
"VIP","SCTR"
"VIP","VIPR1"
"VIP","VIPR2"
"VSIG10","IL6ST"
"VSIG4","KIR2DL5A"
"VSIR","VSIG8"
"VSIR","IGSF11"
"VSTM1","ADGRG3"
"VSTM1","LAMP1"
"VSTM4","MOG"
"VTCN1","BTLA"
"VTN","ITGB5"
"VTN","ITGAV"
"VTN","ITGA5"
"VTN","ITGA8"
"VTN","KDR"
"VTN","PLAUR"
"VTN","ITGB3"
"VTN","ITGB6"
"VTN","TNFRSF11B"
"VTN","PVR"
"VTN","ITGB8"
"VTN","ITGB1"
"VTN","ITGA2B"
"VWF","GP1BB"
"VWF","GP5"
"VWF","GP9"
"VWF","ITGAV"
"VWF","F8"
"VWF","ADAMTS13"
"VWF","ITGA2B"
"VWF","TNFRSF11B"
"VWF","GP1BA"
"VWF","ITGB3"
"WBP1","CTLA4"
"WFIKKN2","IGDCC3"
"WFIKKN2","IGDCC4"
"WFIKKN2","PRTG"
"WIF1","RYK"
"WNT1","LRP6"
"WNT1","RYK"
"WNT1","LRP5"
"WNT1","FZD8"
"WNT1","FZD3"
"WNT1","FZD1"
"WNT1","ROR2"
"WNT1","FZD9"
"WNT10A","LRP6"
"WNT10A","LRP5"
"WNT10A","FZD3"
"WNT10A","FZD1"
"WNT10A","FZD5"
"WNT10A","FZD8"
"WNT10A","FZD10"
"WNT10A","FZD2"
"WNT10A","FZD4"
"WNT10A","FZD6"
"WNT10A","FZD7"
"WNT10A","FZD9"
"WNT10B","FZD5"
"WNT10B","LRP5"
"WNT10B","LRP6"
"WNT10B","FZD2"
"WNT10B","FZD3"
"WNT10B","FZD1"
"WNT10B","FZD7"
"WNT10B","FZD10"
"WNT10B","FZD4"
"WNT10B","FZD6"
"WNT10B","FZD8"
"WNT10B","FZD9"
"WNT11","MUSK"
"WNT11","FZD6"
"WNT11","FZD7"
"WNT11","LRP6"
"WNT11","FZD3"
"WNT11","KLRG2"
"WNT11","FZD8"
"WNT16","FZD3"
"WNT16","LRP6"
"WNT16","FZD6"
"WNT16","FZD2"
"WNT16","LRP5"
"WNT16","FZD1"
"WNT16","FZD10"
"WNT16","FZD4"
"WNT16","FZD5"
"WNT16","FZD7"
"WNT16","FZD8"
"WNT16","FZD9"
"WNT2","FZD9"
"WNT2","LRP5"
"WNT2","LRP6"
"WNT2","FZD1"
"WNT2","FZD4"
"WNT2","FZD7"
"WNT2","FZD3"
"WNT2","FZD8"
"WNT2","FZD5"
"WNT2","FZD2"
"WNT2B","LRP5"
"WNT2B","FZD3"
"WNT2B","FZD4"
"WNT2B","FZD7"
"WNT2B","LRP6"
"WNT2B","FZD1"
"WNT2B","FZD10"
"WNT2B","FZD2"
"WNT2B","FZD5"
"WNT2B","FZD6"
"WNT2B","FZD8"
"WNT2B","FZD9"
"WNT3","LRP6"
"WNT3","RYK"
"WNT3","ROR2"
"WNT3","FZD1"
"WNT3","FZD7"
"WNT3","FZD8"
"WNT3A","RYK"
"WNT3A","FZD6"
"WNT3A","LRP5"
"WNT3A","LRP6"
"WNT3A","FZD2"
"WNT3A","FZD3"
"WNT3A","FZD1"
"WNT3A","FZD8"
"WNT3A","FZD5"
"WNT3A","APCDD1"
"WNT3A","FZD7"
"WNT3A","LRP1"
"WNT4","FZD3"
"WNT4","FZD6"
"WNT4","LRP5"
"WNT4","FZD8"
"WNT4","FZD2"
"WNT4","SMO"
"WNT4","NOTCH1"
"WNT4","FZD1"
"WNT4","FZD10"
"WNT4","FZD4"
"WNT4","FZD5"
"WNT4","LRP6"
"WNT4","FZD7"
"WNT4","FZD9"
"WNT5A","FZD2"
"WNT5A","FZD5"
"WNT5A","ROR2"
"WNT5A","FZD4"
"WNT5A","ROR1"
"WNT5A","FZD6"
"WNT5A","LRP6"
"WNT5A","RYK"
"WNT5A","FZD3"
"WNT5A","LRP5"
"WNT5A","FZD1"
"WNT5A","FZD7"
"WNT5A","FZD8"
"WNT5A","MCAM"
"WNT5B","FZD6"
"WNT5B","FZD3"
"WNT5B","KLRG2"
"WNT5B","FZD2"
"WNT5B","FZD8"
"WNT5B","FZD1"
"WNT5B","FZD10"
"WNT5B","FZD5"
"WNT5B","FZD7"
"WNT5B","FZD9"
"WNT5B","LRP5"
"WNT5B","LRP6"
"WNT6","FZD1"
"WNT6","LRP5"
"WNT6","FZD3"
"WNT6","FZD4"
"WNT6","FZD7"
"WNT6","LRP6"
"WNT6","FZD10"
"WNT6","FZD2"
"WNT6","FZD5"
"WNT6","FZD6"
"WNT6","FZD8"
"WNT6","FZD9"
"WNT7A","FZD5"
"WNT7A","FZD7"
"WNT7A","LRP6"
"WNT7A","FZD9"
"WNT7A","FZD10"
"WNT7B","LRP5"
"WNT7B","FZD3"
"WNT7B","FZD10"
"WNT7B","FZD1"
"WNT7B","FZD4"
"WNT7B","TMED5"
"WNT7B","FZD5"
"WNT7B","FZD8"
"WNT7B","ADGRA2"
"WNT7B","FZD9"
"WNT7B","LRP6"
"WNT7B","FZD2"
"WNT7B","FZD6"
"WNT7B","FZD7"
"WNT8A","FZD7"
"WNT8A","FZD8"
"WNT8A","LRP5"
"WNT8A","FZD3"
"WNT8A","FZD4"
"WNT8A","FZD5"
"WNT8A","LRP6"
"WNT8A","FZD1"
"WNT8A","FZD10"
"WNT8A","FZD2"
"WNT8A","FZD6"
"WNT8A","FZD9"
"WNT8B","LRP6"
"WNT8B","FZD3"
"WNT8B","LRP5"
"WNT8B","FZD1"
"WNT8B","FZD10"
"WNT8B","FZD2"
"WNT8B","FZD4"
"WNT8B","FZD5"
"WNT8B","FZD6"
"WNT8B","FZD7"
"WNT8B","FZD8"
"WNT8B","FZD9"
"WNT9A","MUSK"
"WNT9A","LRP5"
"WNT9A","LRP6"
"WNT9A","CHRNA1"
"WNT9A","FZD3"
"WNT9A","FZD10"
"WNT9A","FZD4"
"WNT9A","FZD1"
"WNT9A","FZD2"
"WNT9A","FZD5"
"WNT9A","FZD6"
"WNT9A","FZD7"
"WNT9A","FZD8"
"WNT9A","FZD9"
"WNT9B","LRP5"
"WNT9B","LRP6"
"WNT9B","CHRNA1"
"WNT9B","FZD3"
"WNT9B","FZD10"
"WNT9B","FZD4"
"WNT9B","FZD5"
"WNT9B","FZD8"
"WNT9B","FZD1"
"WNT9B","FZD2"
"WNT9B","FZD6"
"WNT9B","FZD7"
"WNT9B","FZD9"
"XCL1","XCR1"
"XCL1","ADGRV1"
"XCL2","XCR1"
"YARS1","CXCR1"
"ZDHHC5","S1PR1"
"ZG16B","TLR5"
"ZG16B","CXCR4"
"ZG16B","TLR2"
"ZG16B","TLR4"
"ZG16B","TLR6"
"ZNRF3","FZD6"
"ZNRF3","LRP6"
"ZNRF3","FZD5"
"ZNRF3","FZD2"
"ZNRF3","FZD8"
"ZNRF3","FZD4"
"ZP3","EGFR"
"ZP3","CHRNA7"
"ZP3","MERTK"
"ZPBP2","CD80"
